[0;34m==>[0m Checking dependencies...
[0;32m[INFO][0m Dependencies OK
[0;34m==>[0m Setting up Mayhem firmware...
[0;32m[INFO][0m Initializing submodules...
[0;34m==>[0m Building libopencm3...
[0;32m[INFO][0m libopencm3 already built
[0;34m==>[0m Integrating MDK-Predator...
[0;34m==>[0m Building PortaPack firmware with MDK-Predator...
[  0%] Creating directories for 'libopencm3_hackrf_usb'
[  0%] Building C object firmware/baseband/CMakeFiles/baseband_shared.dir/__/chibios/os/ports/GCC/ARMCMx/crt0.c.obj
[  0%] Building C object firmware/baseband/CMakeFiles/baseband_shared.dir/__/chibios/os/ports/GCC/ARMCMx/chcore.c.obj
[  0%] Building C object firmware/baseband/CMakeFiles/baseband_shared.dir/__/chibios-portapack/os/ports/GCC/ARMCMx/LPC43xx_M4/vectors.c.obj
[  0%] No download step for 'libopencm3_hackrf_usb'
[  0%] Building C object firmware/baseband/CMakeFiles/baseband_shared.dir/__/chibios/os/ports/GCC/ARMCMx/chcore_v7m.c.obj
[  0%] Building C object firmware/baseband/CMakeFiles/baseband_shared.dir/__/chibios/os/ports/common/ARMCMx/nvic.c.obj
[  0%] Building C object firmware/baseband/CMakeFiles/baseband_shared.dir/__/chibios/os/kernel/src/chsys.c.obj
[  0%] No update step for 'libopencm3_hackrf_usb'
[  0%] No patch step for 'libopencm3_hackrf_usb'
[  0%] Building C object firmware/baseband/CMakeFiles/baseband_shared.dir/__/chibios/os/kernel/src/chdebug.c.obj
[  0%] Building C object firmware/baseband/CMakeFiles/baseband_shared.dir/__/chibios/os/kernel/src/chlists.c.obj
[  0%] Building C object firmware/baseband/CMakeFiles/baseband_shared.dir/__/chibios/os/kernel/src/chvt.c.obj
[  0%] No configure step for 'libopencm3_hackrf_usb'
[  0%] Performing build step for 'libopencm3_hackrf_usb'
[  0%] Building C object firmware/baseband/CMakeFiles/baseband_shared.dir/__/chibios/os/kernel/src/chschd.c.obj
  GENHDR  include/libopencm3/lm3s/irq.yaml
[  0%] Building C object firmware/baseband/CMakeFiles/baseband_shared.dir/__/chibios/os/kernel/src/chthreads.c.obj
[  0%] Building C object firmware/baseband/CMakeFiles/baseband_shared.dir/__/chibios/os/kernel/src/chdynamic.c.obj
  GENHDR  include/libopencm3/lpc13xx/irq.yaml
  GENHDR  include/libopencm3/sam/3x/irq.yaml
[  0%] Building C object firmware/baseband/CMakeFiles/baseband_shared.dir/__/chibios/os/kernel/src/chregistry.c.obj
  GENHDR  include/libopencm3/sam/3n/irq.yaml
  GENHDR  include/libopencm3/lpc43xx/m0/irq.yaml
[  0%] Building C object firmware/baseband/CMakeFiles/baseband_shared.dir/__/chibios/os/kernel/src/chsem.c.obj
[  0%] Building C object firmware/baseband/CMakeFiles/baseband_shared.dir/__/chibios/os/kernel/src/chmtx.c.obj
  GENHDR  include/libopencm3/lpc43xx/m4/irq.yaml
[  0%] Building C object firmware/baseband/CMakeFiles/baseband_shared.dir/__/chibios/os/kernel/src/chcond.c.obj
  GENHDR  include/libopencm3/lpc17xx/irq.yaml
  GENHDR  include/libopencm3/stm32/l1/irq.yaml
  GENHDR  include/libopencm3/stm32/f1/irq.yaml
  GENHDR  include/libopencm3/stm32/f0/irq.yaml
  GENHDR  include/libopencm3/stm32/f3/irq.yaml
  GENHDR  include/libopencm3/stm32/f2/irq.yaml
[  0%] Building C object firmware/baseband/CMakeFiles/baseband_shared.dir/__/chibios/os/kernel/src/chevents.c.obj
  GENHDR  include/libopencm3/stm32/f4/irq.yaml
  GENHDR  include/libopencm3/efm32/efm32gg/irq.yaml
  GENHDR  include/libopencm3/efm32/efm32tg/irq.yaml
[  0%] Building C object firmware/baseband/CMakeFiles/baseband_shared.dir/__/chibios/os/kernel/src/chmsg.c.obj
  GENHDR  include/libopencm3/efm32/efm32lg/irq.yaml
  GENHDR  include/libopencm3/efm32/efm32g/irq.yaml
[  0%] Building C object firmware/baseband/CMakeFiles/baseband_shared.dir/__/chibios/os/kernel/src/chmboxes.c.obj
[  0%] Building C object firmware/baseband/CMakeFiles/baseband_shared.dir/__/chibios/os/kernel/src/chqueues.c.obj
  BUILD   lib/stm32/f0
  BUILD   lib/stm32/f1
  BUILD   lib/stm32/f2
  BUILD   lib/stm32/f3
  BUILD   lib/stm32/f4
  BUILD   lib/stm32/l1
  BUILD   lib/lpc13xx
  BUILD   lib/lpc17xx
  BUILD   lib/lpc43xx/m4
[  0%] Building C object firmware/baseband/CMakeFiles/baseband_shared.dir/__/chibios/os/kernel/src/chmemcore.c.obj
  BUILD   lib/lpc43xx/m0
  BUILD   lib/lm3s
  BUILD   lib/lm4f
  BUILD   lib/efm32/efm32tg
[  0%] Building C object firmware/baseband/CMakeFiles/baseband_shared.dir/__/chibios/os/kernel/src/chheap.c.obj
  BUILD   lib/efm32/efm32g
  BUILD   lib/efm32/efm32lg
  BUILD   lib/efm32/efm32gg
  BUILD   lib/sam/3x
  BUILD   lib/sam/3n
[  0%] Building C object firmware/baseband/CMakeFiles/baseband_shared.dir/__/chibios/os/kernel/src/chmempools.c.obj
[  0%] Building C object firmware/baseband/CMakeFiles/baseband_shared.dir/__/chibios/test/test.c.obj
[  0%] No install step for 'libopencm3_hackrf_usb'
[  0%] Building C object firmware/baseband/CMakeFiles/baseband_shared.dir/__/chibios/test/testthd.c.obj
[  0%] Completed 'libopencm3_hackrf_usb'
[  1%] Building C object firmware/baseband/CMakeFiles/baseband_shared.dir/__/chibios/test/testsem.c.obj
[  1%] Built target libopencm3_hackrf_usb
[  1%] Building C object firmware/baseband/CMakeFiles/baseband_shared.dir/__/chibios/test/testmtx.c.obj
[  1%] Building C object firmware/baseband/CMakeFiles/baseband_shared.dir/__/chibios/test/testmsg.c.obj
[  1%] Building C object firmware/baseband/CMakeFiles/baseband_shared.dir/__/chibios/test/testmbox.c.obj
[  1%] Building C object firmware/baseband/CMakeFiles/baseband_shared.dir/__/chibios/test/testevt.c.obj
[  1%] Building C object firmware/baseband/CMakeFiles/baseband_shared.dir/__/chibios/test/testheap.c.obj
[  1%] Building C object firmware/baseband/CMakeFiles/baseband_shared.dir/__/chibios/test/testpools.c.obj
[  1%] Building C object firmware/baseband/CMakeFiles/baseband_shared.dir/__/chibios/test/testqueues.c.obj
[  1%] Building C object firmware/baseband/CMakeFiles/baseband_shared.dir/__/chibios/test/testdyn.c.obj
[  1%] Building ASM object hackrf/firmware/hackrf_usb/CMakeFiles/hackrf_usb_m0.elf.dir/sgpio_m0.s.obj
[  1%] Generating portapack_cpld_h4m_data.cpp
[  1%] Linking ASM executable hackrf_usb_m0.elf
[  1%] Built target hackrf_usb_m0.elf
[  1%] Building C object firmware/baseband/CMakeFiles/baseband_shared.dir/__/chibios/test/testbmk.c.obj
[  1%] Generating hackrf_usb_ram_m0.bin
[  1%] Generating hackrf_cpld_data.cpp
[  1%] Generating hackrf_cpld_data.c
[  1%] Generating portapack_cpld_20150901_data.cpp
[  1%] Generating portapack_cpld_20170522_data.cpp
[  1%] Generating hackrf_usb_ram_m0_bin.s
[  1%] Building C object firmware/baseband/CMakeFiles/baseband_shared.dir/__/chibios-portapack/boards/PORTAPACK_BASEBAND/board.c.obj
[  1%] Building C object hackrf/firmware/hackrf_usb/CMakeFiles/hackrf_usb_ram_objects.dir/hackrf_usb.c.obj
[  1%] Building C object hackrf/firmware/hackrf_usb/CMakeFiles/hackrf_usb_ram_objects.dir/__/common/tuning.c.obj
[  1%] Building C object firmware/application/CMakeFiles/application.elf.dir/__/chibios/os/ports/GCC/ARMCMx/crt0.c.obj
[  1%] Building C object firmware/application/CMakeFiles/application.elf.dir/__/chibios-portapack/os/ports/GCC/ARMCMx/LPC43xx_M0/vectors.c.obj
[  1%] Building C object firmware/application/CMakeFiles/application.elf.dir/__/chibios/os/ports/GCC/ARMCMx/chcore.c.obj
[  1%] Building CXX object firmware/baseband/CMakeFiles/baseband_shared.dir/baseband.cpp.obj
[  1%] Building C object hackrf/firmware/hackrf_usb/CMakeFiles/hackrf_usb_ram_objects.dir/__/common/streaming.c.obj
[  1%] Building C object firmware/application/CMakeFiles/application.elf.dir/__/chibios/os/ports/GCC/ARMCMx/chcore_v6m.c.obj
[  1%] Building CXX object firmware/baseband/CMakeFiles/baseband_shared.dir/__/common/message_queue.cpp.obj
[  1%] Building C object hackrf/firmware/hackrf_usb/CMakeFiles/hackrf_usb_ram_objects.dir/__/common/usb.c.obj
[  1%] Building C object firmware/application/CMakeFiles/application.elf.dir/__/chibios/os/ports/common/ARMCMx/nvic.c.obj
[  1%] Building C object firmware/application/CMakeFiles/application.elf.dir/__/chibios/os/kernel/src/chsys.c.obj
[  1%] Building C object firmware/application/CMakeFiles/application.elf.dir/__/chibios/os/kernel/src/chdebug.c.obj
[  1%] Building C object hackrf/firmware/hackrf_usb/CMakeFiles/hackrf_usb_ram_objects.dir/__/common/usb_request.c.obj
[  1%] Building C object firmware/application/CMakeFiles/application.elf.dir/__/chibios/os/kernel/src/chlists.c.obj
[  1%] Building C object firmware/application/CMakeFiles/application.elf.dir/__/chibios/os/kernel/src/chvt.c.obj
[  1%] Building C object hackrf/firmware/hackrf_usb/CMakeFiles/hackrf_usb_ram_objects.dir/__/common/usb_standard_request.c.obj
[  1%] Building C object firmware/application/CMakeFiles/application.elf.dir/__/chibios/os/kernel/src/chschd.c.obj
[  1%] Building C object hackrf/firmware/hackrf_usb/CMakeFiles/hackrf_usb_ram_objects.dir/usb_descriptor.c.obj
[  1%] Building C object firmware/application/CMakeFiles/application.elf.dir/__/chibios/os/kernel/src/chthreads.c.obj
[  1%] Building C object hackrf/firmware/hackrf_usb/CMakeFiles/hackrf_usb_ram_objects.dir/usb_device.c.obj
[  1%] Building C object hackrf/firmware/hackrf_usb/CMakeFiles/hackrf_usb_ram_objects.dir/usb_endpoint.c.obj
[  1%] Building C object firmware/application/CMakeFiles/application.elf.dir/__/chibios/os/kernel/src/chdynamic.c.obj
[  2%] Building C object hackrf/firmware/hackrf_usb/CMakeFiles/hackrf_usb_ram_objects.dir/usb_api_board_info.c.obj
[  2%] Building C object firmware/application/CMakeFiles/application.elf.dir/__/chibios/os/kernel/src/chregistry.c.obj
[  2%] Building C object hackrf/firmware/hackrf_usb/CMakeFiles/hackrf_usb_ram_objects.dir/usb_api_m0_state.c.obj
[  2%] Building C object firmware/application/CMakeFiles/application.elf.dir/__/chibios/os/kernel/src/chsem.c.obj
[  2%] Building C object hackrf/firmware/hackrf_usb/CMakeFiles/hackrf_usb_ram_objects.dir/usb_api_register.c.obj
[  2%] Building C object firmware/application/CMakeFiles/application.elf.dir/__/chibios/os/kernel/src/chmtx.c.obj
[  2%] Building C object hackrf/firmware/hackrf_usb/CMakeFiles/hackrf_usb_ram_objects.dir/usb_api_spiflash.c.obj
[  2%] Building C object firmware/application/CMakeFiles/application.elf.dir/__/chibios/os/kernel/src/chcond.c.obj
[  2%] Building C object hackrf/firmware/hackrf_usb/CMakeFiles/hackrf_usb_ram_objects.dir/usb_api_transceiver.c.obj
[  2%] Building C object firmware/application/CMakeFiles/application.elf.dir/__/chibios/os/kernel/src/chevents.c.obj
[  2%] Building C object firmware/application/CMakeFiles/application.elf.dir/__/chibios/os/kernel/src/chmsg.c.obj
[  2%] Building C object hackrf/firmware/hackrf_usb/CMakeFiles/hackrf_usb_ram_objects.dir/usb_api_operacake.c.obj
[  2%] Building C object firmware/application/CMakeFiles/application.elf.dir/__/chibios/os/kernel/src/chmboxes.c.obj
[  2%] Building C object hackrf/firmware/hackrf_usb/CMakeFiles/hackrf_usb_ram_objects.dir/usb_api_sweep.c.obj
[  2%] Building C object firmware/application/CMakeFiles/application.elf.dir/__/chibios/os/kernel/src/chqueues.c.obj
[  2%] Building C object firmware/application/CMakeFiles/application.elf.dir/__/chibios/os/kernel/src/chmemcore.c.obj
[  2%] Building CXX object firmware/baseband/CMakeFiles/baseband_shared.dir/__/common/event.cpp.obj
[  2%] Building C object hackrf/firmware/hackrf_usb/CMakeFiles/hackrf_usb_ram_objects.dir/usb_api_selftest.c.obj
[  2%] Building CXX object firmware/baseband/CMakeFiles/baseband_shared.dir/event_m4.cpp.obj
[  2%] Building C object firmware/application/CMakeFiles/application.elf.dir/__/chibios/os/kernel/src/chheap.c.obj
[  2%] Building C object firmware/application/CMakeFiles/application.elf.dir/__/chibios/os/kernel/src/chmempools.c.obj
[  3%] Building C object firmware/application/CMakeFiles/application.elf.dir/__/chibios/test/test.c.obj
[  3%] Building C object hackrf/firmware/hackrf_usb/CMakeFiles/hackrf_usb_ram_objects.dir/usb_api_ui.c.obj
[  3%] Building C object hackrf/firmware/hackrf_usb/CMakeFiles/hackrf_usb_ram_objects.dir/usb_api_adc.c.obj
[  3%] Building C object hackrf/firmware/hackrf_usb/CMakeFiles/hackrf_usb_ram_objects.dir/__/common/usb_queue.c.obj
[  3%] Building C object hackrf/firmware/hackrf_usb/CMakeFiles/hackrf_usb_ram_objects.dir/__/common/fault_handler.c.obj
[  3%] Building CXX object firmware/baseband/CMakeFiles/baseband_shared.dir/__/common/thread_wait.cpp.obj
[  3%] Building C object firmware/application/CMakeFiles/application.elf.dir/__/chibios/test/testthd.c.obj
[  3%] Building C object hackrf/firmware/hackrf_usb/CMakeFiles/hackrf_usb_ram_objects.dir/__/common/crc.c.obj
[  3%] Building C object firmware/application/CMakeFiles/application.elf.dir/__/chibios/test/testsem.c.obj
[  3%] Building C object hackrf/firmware/hackrf_usb/CMakeFiles/hackrf_usb_ram_objects.dir/__/common/rom_iap.c.obj
[  3%] Building CXX object firmware/baseband/CMakeFiles/baseband_shared.dir/__/common/gpdma.cpp.obj
[  3%] Building C object firmware/application/CMakeFiles/application.elf.dir/__/chibios/test/testmtx.c.obj
[  3%] Building C object hackrf/firmware/hackrf_usb/CMakeFiles/hackrf_usb_ram_objects.dir/__/common/operacake.c.obj
[  3%] Building C object firmware/application/CMakeFiles/application.elf.dir/__/chibios/test/testmsg.c.obj
[  3%] Building C object hackrf/firmware/hackrf_usb/CMakeFiles/hackrf_usb_ram_objects.dir/__/common/operacake_sctimer.c.obj
[  3%] Building C object firmware/application/CMakeFiles/application.elf.dir/__/chibios/test/testmbox.c.obj
[  3%] Building C object hackrf/firmware/hackrf_usb/CMakeFiles/hackrf_usb_ram_objects.dir/usb_api_cpld.c.obj
[  3%] Building C object firmware/application/CMakeFiles/application.elf.dir/__/chibios/test/testevt.c.obj
[  3%] Building C object hackrf/firmware/hackrf_usb/CMakeFiles/hackrf_usb_ram_objects.dir/__/common/cpld_xc2c.c.obj
[  3%] Building C object firmware/application/CMakeFiles/application.elf.dir/__/chibios/test/testheap.c.obj
[  3%] Building C object hackrf/firmware/hackrf_usb/CMakeFiles/hackrf_usb_ram_objects.dir/hackrf_cpld_data.c.obj
[  3%] Building C object firmware/application/CMakeFiles/application.elf.dir/__/chibios/test/testpools.c.obj
[  3%] Building C object hackrf/firmware/hackrf_usb/CMakeFiles/hackrf_usb_ram_objects.dir/__/common/xapp058/lenval.c.obj
[  3%] Building C object firmware/application/CMakeFiles/application.elf.dir/__/chibios/test/testdyn.c.obj
[  3%] Building C object hackrf/firmware/hackrf_usb/CMakeFiles/hackrf_usb_ram_objects.dir/__/common/xapp058/micro.c.obj
[  3%] Building C object firmware/application/CMakeFiles/application.elf.dir/__/chibios/test/testqueues.c.obj
[  3%] Building C object firmware/application/CMakeFiles/application.elf.dir/__/chibios/test/testbmk.c.obj
[  3%] Building C object hackrf/firmware/hackrf_usb/CMakeFiles/hackrf_usb_ram_objects.dir/__/common/xapp058/ports.c.obj
[  3%] Building C object hackrf/firmware/hackrf_usb/CMakeFiles/hackrf_usb_ram_objects.dir/__/common/portapack.c.obj
[  3%] Building C object firmware/application/CMakeFiles/application.elf.dir/__/chibios/os/hal/src/hal.c.obj
[  3%] Building C object firmware/application/CMakeFiles/application.elf.dir/__/chibios/os/hal/src/adc.c.obj
[  3%] Building C object hackrf/firmware/hackrf_usb/CMakeFiles/hackrf_usb_ram_objects.dir/__/common/ui_portapack.c.obj
[  3%] Building CXX object firmware/baseband/CMakeFiles/baseband_shared.dir/baseband_dma.cpp.obj
[  3%] Building C object firmware/application/CMakeFiles/application.elf.dir/__/chibios/os/hal/src/can.c.obj
[  3%] Building C object firmware/application/CMakeFiles/application.elf.dir/__/chibios/os/hal/src/ext.c.obj
[  3%] Building C object hackrf/firmware/hackrf_usb/CMakeFiles/hackrf_usb_ram_objects.dir/__/common/power.c.obj
[  3%] Building C object firmware/application/CMakeFiles/application.elf.dir/__/chibios/os/hal/src/gpt.c.obj
[  3%] Building C object firmware/application/CMakeFiles/application.elf.dir/__/chibios/os/hal/src/i2c.c.obj
[  3%] Building C object hackrf/firmware/hackrf_usb/CMakeFiles/hackrf_usb_ram_objects.dir/__/common/cpu_clock.c.obj
[  3%] Building CXX object firmware/baseband/CMakeFiles/baseband_shared.dir/__/common/baseband_sgpio.cpp.obj
[  3%] Building C object hackrf/firmware/hackrf_usb/CMakeFiles/hackrf_usb_ram_objects.dir/__/common/delay.c.obj
[  3%] Building C object firmware/application/CMakeFiles/application.elf.dir/__/chibios/os/hal/src/icu.c.obj
[  3%] Building C object hackrf/firmware/hackrf_usb/CMakeFiles/hackrf_usb_ram_objects.dir/__/common/cpld_jtag.c.obj
[  3%] Building C object firmware/application/CMakeFiles/application.elf.dir/__/chibios/os/hal/src/mac.c.obj
[  3%] Building C object firmware/application/CMakeFiles/application.elf.dir/__/chibios/os/hal/src/mmc_spi.c.obj
[  4%] Building C object hackrf/firmware/hackrf_usb/CMakeFiles/hackrf_usb_ram_objects.dir/__/common/pins.c.obj
[  4%] Building C object firmware/application/CMakeFiles/application.elf.dir/__/chibios/os/hal/src/mmcsd.c.obj
[  4%] Building C object hackrf/firmware/hackrf_usb/CMakeFiles/hackrf_usb_ram_objects.dir/__/common/leds.c.obj
[  4%] Building C object firmware/application/CMakeFiles/application.elf.dir/__/chibios/os/hal/src/pal.c.obj
[  4%] Building C object hackrf/firmware/hackrf_usb/CMakeFiles/hackrf_usb_ram_objects.dir/__/common/sgpio.c.obj
[  4%] Building C object firmware/application/CMakeFiles/application.elf.dir/__/chibios/os/hal/src/pwm.c.obj
[  4%] Building C object firmware/application/CMakeFiles/application.elf.dir/__/chibios/os/hal/src/rtc.c.obj
[  4%] Building C object hackrf/firmware/hackrf_usb/CMakeFiles/hackrf_usb_ram_objects.dir/__/common/rf_path.c.obj
[  4%] Building C object firmware/application/CMakeFiles/application.elf.dir/__/chibios/os/hal/src/sdc.c.obj
[  4%] Building C object hackrf/firmware/hackrf_usb/CMakeFiles/hackrf_usb_ram_objects.dir/__/common/si5351c.c.obj
[  4%] Building C object firmware/application/CMakeFiles/application.elf.dir/__/chibios/os/hal/src/serial.c.obj
[  4%] Building C object firmware/application/CMakeFiles/application.elf.dir/__/chibios/os/hal/src/serial_usb.c.obj
[  5%] Building C object firmware/application/CMakeFiles/application.elf.dir/__/chibios/os/hal/src/spi.c.obj
[  5%] Building C object firmware/application/CMakeFiles/application.elf.dir/__/chibios/os/hal/src/tm.c.obj
[  5%] Building C object firmware/application/CMakeFiles/application.elf.dir/__/chibios/os/hal/src/uart.c.obj
[  5%] Building C object firmware/application/CMakeFiles/application.elf.dir/__/chibios/os/hal/src/usb.c.obj
[  5%] Building C object firmware/application/CMakeFiles/application.elf.dir/__/chibios-portapack/os/hal/platforms/LPC43xx_M0/hal_lld.c.obj
[  5%] Building C object hackrf/firmware/hackrf_usb/CMakeFiles/hackrf_usb_ram_objects.dir/__/common/clock_gen.c.obj
[  5%] Building C object firmware/application/CMakeFiles/application.elf.dir/__/chibios-portapack/os/hal/platforms/LPC43xx/gpt_lld.c.obj
[  5%] Building CXX object firmware/baseband/CMakeFiles/baseband_shared.dir/__/common/portapack_shared_memory.cpp.obj
[  5%] Building C object firmware/application/CMakeFiles/application.elf.dir/__/chibios-portapack/os/hal/platforms/LPC43xx/i2c_lld.c.obj
[  5%] Building CXX object firmware/baseband/CMakeFiles/baseband_shared.dir/__/common/buffer.cpp.obj
[  5%] Building C object hackrf/firmware/hackrf_usb/CMakeFiles/hackrf_usb_ram_objects.dir/__/common/max5864.c.obj
[  5%] Building C object hackrf/firmware/hackrf_usb/CMakeFiles/hackrf_usb_ram_objects.dir/__/common/max5864_target.c.obj
[  5%] Building C object firmware/application/CMakeFiles/application.elf.dir/__/chibios-portapack/os/hal/platforms/LPC43xx/pal_lld.c.obj
[  5%] Building CXX object firmware/baseband/CMakeFiles/baseband_shared.dir/baseband_thread.cpp.obj
[  5%] Building C object hackrf/firmware/hackrf_usb/CMakeFiles/hackrf_usb_ram_objects.dir/__/common/mixer.c.obj
[  5%] Building C object firmware/application/CMakeFiles/application.elf.dir/__/chibios-portapack/os/hal/platforms/LPC43xx/rtc_lld.c.obj
[  5%] Building C object hackrf/firmware/hackrf_usb/CMakeFiles/hackrf_usb_ram_objects.dir/__/common/i2c_bus.c.obj
[  5%] Building C object firmware/application/CMakeFiles/application.elf.dir/__/chibios-portapack/os/hal/platforms/LPC43xx/sdc_lld.c.obj
[  5%] Building C object hackrf/firmware/hackrf_usb/CMakeFiles/hackrf_usb_ram_objects.dir/__/common/i2c_lpc.c.obj
[  5%] Building C object hackrf/firmware/hackrf_usb/CMakeFiles/hackrf_usb_ram_objects.dir/__/common/w25q80bv.c.obj
[  5%] Building C object hackrf/firmware/hackrf_usb/CMakeFiles/hackrf_usb_ram_objects.dir/__/common/w25q80bv_target.c.obj
[  5%] Building C object firmware/application/CMakeFiles/application.elf.dir/__/chibios-portapack/os/hal/platforms/LPC43xx/serial_lld.c.obj
[  5%] Building C object hackrf/firmware/hackrf_usb/CMakeFiles/hackrf_usb_ram_objects.dir/__/common/spi_bus.c.obj
[  5%] Building C object firmware/application/CMakeFiles/application.elf.dir/__/chibios-portapack/os/hal/platforms/LPC43xx/spi_lld.c.obj
[  5%] Building C object hackrf/firmware/hackrf_usb/CMakeFiles/hackrf_usb_ram_objects.dir/__/common/spi_ssp.c.obj
[  5%] Building C object firmware/application/CMakeFiles/application.elf.dir/__/chibios-portapack/os/hal/platforms/LPC43xx/lpc43xx.c.obj
[  5%] Building C object hackrf/firmware/hackrf_usb/CMakeFiles/hackrf_usb_ram_objects.dir/__/common/gpio_lpc.c.obj
[  5%] Building C object hackrf/firmware/hackrf_usb/CMakeFiles/hackrf_usb_ram_objects.dir/__/common/hackrf_ui.c.obj
[  5%] Building CXX object firmware/application/CMakeFiles/application.elf.dir/__/chibios-portapack/boards/PORTAPACK_APPLICATION/board.cpp.obj
[  5%] Building C object hackrf/firmware/hackrf_usb/CMakeFiles/hackrf_usb_ram_objects.dir/__/common/platform_detect.c.obj
[  5%] Building C object hackrf/firmware/hackrf_usb/CMakeFiles/hackrf_usb_ram_objects.dir/__/common/platform_gpio.c.obj
[  5%] Building C object hackrf/firmware/hackrf_usb/CMakeFiles/hackrf_usb_ram_objects.dir/__/common/platform_scu.c.obj
[  5%] Building C object firmware/application/CMakeFiles/application.elf.dir/__/chibios-portapack/os/various/fatfs_bindings/fatfs_diskio.c.obj
[  5%] Building C object hackrf/firmware/hackrf_usb/CMakeFiles/hackrf_usb_ram_objects.dir/__/common/firmware_info.c.obj
[  5%] Building C object hackrf/firmware/hackrf_usb/CMakeFiles/hackrf_usb_ram_objects.dir/__/common/clock_io.c.obj
[  5%] Building C object firmware/application/CMakeFiles/application.elf.dir/__/chibios-portapack/os/various/fatfs_bindings/fatfs_syscall.c.obj
[  5%] Building C object firmware/application/CMakeFiles/application.elf.dir/__/chibios-portapack/ext/fatfs/src/ff.c.obj
[  5%] Building C object hackrf/firmware/hackrf_usb/CMakeFiles/hackrf_usb_ram_objects.dir/__/common/gpdma.c.obj
[  5%] Building C object hackrf/firmware/hackrf_usb/CMakeFiles/hackrf_usb_ram_objects.dir/__/common/radio.c.obj
[  5%] Building C object firmware/application/CMakeFiles/application.elf.dir/__/chibios-portapack/ext/fatfs/src/option/unicode.c.obj
[  5%] Building C object hackrf/firmware/hackrf_usb/CMakeFiles/hackrf_usb_ram_objects.dir/__/common/selftest.c.obj
[  5%] Building CXX object firmware/baseband/CMakeFiles/baseband_shared.dir/baseband_processor.cpp.obj
[  5%] Building C object hackrf/firmware/hackrf_usb/CMakeFiles/hackrf_usb_ram_objects.dir/__/common/m0_state.c.obj
[  5%] Building C object hackrf/firmware/hackrf_usb/CMakeFiles/hackrf_usb_ram_objects.dir/__/common/adc.c.obj
[  5%] Building C object firmware/application/CMakeFiles/application.elf.dir/firmware_info.c.obj
[  5%] Building C object firmware/application/CMakeFiles/application.elf.dir/usb_serial_cdc.c.obj
[  5%] Building C object hackrf/firmware/hackrf_usb/CMakeFiles/hackrf_usb_ram_objects.dir/__/common/da7219.c.obj
[  6%] Building C object hackrf/firmware/hackrf_usb/CMakeFiles/hackrf_usb_ram_objects.dir/__/common/max283x.c.obj
[  6%] Building CXX object firmware/baseband/CMakeFiles/baseband_shared.dir/baseband_stats_collector.cpp.obj
[  6%] Building C object hackrf/firmware/hackrf_usb/CMakeFiles/hackrf_usb_ram_objects.dir/__/common/u128.c.obj
[  6%] Building C object hackrf/firmware/hackrf_usb/CMakeFiles/hackrf_usb_ram_objects.dir/__/common/rffc5071.c.obj
[  6%] Building C object hackrf/firmware/hackrf_usb/CMakeFiles/hackrf_usb_ram_objects.dir/__/common/rffc5071_spi.c.obj
[  6%] Building C object hackrf/firmware/hackrf_usb/CMakeFiles/hackrf_usb_ram_objects.dir/__/common/max2837.c.obj
[  6%] Building C object hackrf/firmware/hackrf_usb/CMakeFiles/hackrf_usb_ram_objects.dir/__/common/max2837_target.c.obj
[  6%] Building C object hackrf/firmware/hackrf_usb/CMakeFiles/hackrf_usb_ram_objects.dir/__/common/max2839.c.obj
[  6%] Building C object hackrf/firmware/hackrf_usb/CMakeFiles/hackrf_usb_ram_objects.dir/__/common/max2839_target.c.obj
[  6%] Building ASM object hackrf/firmware/hackrf_usb/CMakeFiles/hackrf_usb_ram_objects.dir/hackrf_usb_ram_m0_bin.s.obj
[  6%] Building C object firmware/application/CMakeFiles/application.elf.dir/usb_serial_descriptor.c.obj
[  6%] Built target hackrf_usb_ram_objects
[  6%] Building CXX object firmware/baseband/CMakeFiles/baseband_shared.dir/dsp_decimate.cpp.obj
[  6%] Building C object firmware/application/CMakeFiles/application.elf.dir/usb_serial_endpoints.c.obj
[  6%] Building C object firmware/application/CMakeFiles/application.elf.dir/usb_serial_device_to_host.c.obj
[  6%] Linking C executable hackrf_usb_ram.elf
[  6%] Building C object firmware/application/CMakeFiles/application.elf.dir/i2c_device_to_host.c.obj
[  6%] Built target hackrf_usb_ram.elf
[  6%] Building CXX object firmware/baseband/CMakeFiles/baseband_shared.dir/dsp_demodulate.cpp.obj
[  6%] Building C object firmware/application/CMakeFiles/application.elf.dir/hackrf_core_mini.c.obj
[  6%] Building C object firmware/application/CMakeFiles/application.elf.dir/__/__/hackrf/firmware/common/adc.c.obj
[  6%] Building C object firmware/application/CMakeFiles/application.elf.dir/__/__/hackrf/firmware/common/usb.c.obj
[  6%] Building C object firmware/application/CMakeFiles/application.elf.dir/__/__/hackrf/firmware/common/usb_queue.c.obj
[  6%] Building CXX object firmware/baseband/CMakeFiles/baseband_shared.dir/dsp_hilbert.cpp.obj
[  7%] Building C object firmware/application/CMakeFiles/application.elf.dir/__/__/hackrf/firmware/hackrf_usb/usb_device.c.obj
[  7%] Building C object firmware/application/CMakeFiles/application.elf.dir/__/__/hackrf/firmware/common/usb_request.c.obj
[  7%] Building C object firmware/application/CMakeFiles/application.elf.dir/__/__/hackrf/firmware/common/usb_standard_request.c.obj
[  7%] Building C object firmware/application/CMakeFiles/application.elf.dir/__/__/hackrf/firmware/libopencm3/lib/lpc43xx/scu.c.obj
[  7%] Building C object firmware/application/CMakeFiles/application.elf.dir/__/__/hackrf/firmware/common/gpio_lpc.c.obj
[  7%] Building C object firmware/application/CMakeFiles/application.elf.dir/__/__/hackrf/firmware/common/platform_detect.c.obj
[  7%] Building C object firmware/application/CMakeFiles/application.elf.dir/__/chibios/os/various/chprintf.c.obj
[  7%] Building CXX object firmware/application/CMakeFiles/application.elf.dir/main.cpp.obj
[  7%] Building CXX object firmware/application/CMakeFiles/application.elf.dir/shell.cpp.obj
[  7%] Built target hackrf_usb_ram.bin
[  7%] Building CXX object firmware/application/CMakeFiles/application.elf.dir/__/common/adsb.cpp.obj
[  7%] Building CXX object firmware/baseband/CMakeFiles/baseband_shared.dir/dsp_modulate.cpp.obj
[  8%] Building CXX object firmware/baseband/CMakeFiles/baseband_shared.dir/dsp_goertzel.cpp.obj
[  8%] Building CXX object firmware/application/CMakeFiles/application.elf.dir/__/common/adsb_frame.cpp.obj
[  8%] Building CXX object firmware/baseband/CMakeFiles/baseband_shared.dir/matched_filter.cpp.obj
[  8%] Building CXX object firmware/baseband/CMakeFiles/baseband_shared.dir/spectrum_collector.cpp.obj
[  8%] Building CXX object firmware/application/CMakeFiles/application.elf.dir/__/common/ais_baseband.cpp.obj
[  8%] Building CXX object firmware/baseband/CMakeFiles/baseband_shared.dir/tv_collector.cpp.obj
[  8%] Building CXX object firmware/application/CMakeFiles/application.elf.dir/__/common/ais_packet.cpp.obj
[  8%] Building CXX object firmware/application/CMakeFiles/application.elf.dir/__/common/ak4951.cpp.obj
[  8%] Building CXX object firmware/application/CMakeFiles/application.elf.dir/__/common/backlight.cpp.obj
[  8%] Building CXX object firmware/baseband/CMakeFiles/baseband_shared.dir/stream_input.cpp.obj
[  8%] Building CXX object firmware/baseband/CMakeFiles/baseband_shared.dir/stream_output.cpp.obj
[  8%] Building CXX object firmware/baseband/CMakeFiles/baseband_shared.dir/dsp_squelch.cpp.obj
[  8%] Building CXX object firmware/application/CMakeFiles/application.elf.dir/__/common/baseband_cpld.cpp.obj
[  8%] Building CXX object firmware/application/CMakeFiles/application.elf.dir/__/common/bch_code.cpp.obj
[  8%] Building CXX object firmware/application/CMakeFiles/application.elf.dir/__/common/buffer.cpp.obj
[  8%] Building CXX object firmware/baseband/CMakeFiles/baseband_shared.dir/clock_recovery.cpp.obj
[  8%] Building CXX object firmware/application/CMakeFiles/application.elf.dir/__/common/buffer_exchange.cpp.obj
[  8%] Building CXX object firmware/application/CMakeFiles/application.elf.dir/__/common/chibios_cpp.cpp.obj
[  8%] Building CXX object firmware/baseband/CMakeFiles/baseband_shared.dir/packet_builder.cpp.obj
[  8%] Building CXX object firmware/application/CMakeFiles/application.elf.dir/__/common/cpld_max5.cpp.obj
[  8%] Building CXX object firmware/baseband/CMakeFiles/baseband_shared.dir/__/common/dsp_fft.cpp.obj
[  8%] Building CXX object firmware/baseband/CMakeFiles/baseband_shared.dir/__/common/dsp_fir_taps.cpp.obj
[  8%] Building CXX object firmware/application/CMakeFiles/application.elf.dir/__/common/cpld_update.cpp.obj
[  8%] Building CXX object firmware/baseband/CMakeFiles/baseband_shared.dir/__/common/dsp_iir.cpp.obj
[  8%] Building CXX object firmware/application/CMakeFiles/application.elf.dir/__/common/cpld_xilinx.cpp.obj
[  8%] Building CXX object firmware/application/CMakeFiles/application.elf.dir/debug.cpp.obj
[  8%] Building CXX object firmware/baseband/CMakeFiles/baseband_shared.dir/__/common/dsp_sos.cpp.obj
[  8%] Building CXX object firmware/baseband/CMakeFiles/baseband_shared.dir/fxpt_atan2.cpp.obj
[  8%] Building CXX object firmware/application/CMakeFiles/application.elf.dir/__/common/ert_packet.cpp.obj
[  8%] Building CXX object firmware/baseband/CMakeFiles/baseband_shared.dir/rssi.cpp.obj
[  8%] Building CXX object firmware/application/CMakeFiles/application.elf.dir/__/common/event.cpp.obj
[  8%] Building CXX object firmware/baseband/CMakeFiles/baseband_shared.dir/rssi_dma.cpp.obj
[  8%] Building CXX object firmware/baseband/CMakeFiles/baseband_shared.dir/rssi_thread.cpp.obj
[  8%] Building CXX object firmware/application/CMakeFiles/application.elf.dir/__/common/gcc.cpp.obj
[  8%] Building CXX object firmware/baseband/CMakeFiles/baseband_shared.dir/audio_compressor.cpp.obj
[  8%] Building CXX object firmware/application/CMakeFiles/application.elf.dir/__/common/hackrf_hal.cpp.obj
[  9%] Building CXX object firmware/application/CMakeFiles/application.elf.dir/__/common/i2c_pp.cpp.obj
[  9%] Building CXX object firmware/baseband/CMakeFiles/baseband_shared.dir/audio_output.cpp.obj
[  9%] Building CXX object firmware/application/CMakeFiles/application.elf.dir/__/common/jtag.cpp.obj
[  9%] Building CXX object firmware/baseband/CMakeFiles/baseband_shared.dir/audio_input.cpp.obj
[  9%] Building CXX object firmware/application/CMakeFiles/application.elf.dir/__/common/jtag_tap.cpp.obj
[  9%] Building CXX object firmware/baseband/CMakeFiles/baseband_shared.dir/audio_dma.cpp.obj
[  9%] Building CXX object firmware/application/CMakeFiles/application.elf.dir/__/common/lcd_ili9341.cpp.obj
[  9%] Building CXX object firmware/application/CMakeFiles/application.elf.dir/__/common/lfsr_random.cpp.obj
[  9%] Building CXX object firmware/baseband/CMakeFiles/baseband_shared.dir/audio_stats_collector.cpp.obj
[  9%] Building CXX object firmware/baseband/CMakeFiles/baseband_shared.dir/__/common/utility.cpp.obj
[  9%] Building CXX object firmware/application/CMakeFiles/application.elf.dir/__/common/manchester.cpp.obj
[  9%] Building CXX object firmware/baseband/CMakeFiles/baseband_shared.dir/__/common/chibios_cpp.cpp.obj
[  9%] Building CXX object firmware/application/CMakeFiles/application.elf.dir/__/common/message_queue.cpp.obj
[  9%] Building CXX object firmware/application/CMakeFiles/application.elf.dir/__/common/morse.cpp.obj
[  9%] Building CXX object firmware/baseband/CMakeFiles/baseband_shared.dir/debug.cpp.obj
[  9%] Building CXX object firmware/baseband/CMakeFiles/baseband_shared.dir/__/common/gcc.cpp.obj
[  9%] Building CXX object firmware/application/CMakeFiles/application.elf.dir/__/common/png_writer.cpp.obj
[  9%] Building CXX object firmware/baseband/CMakeFiles/baseband_shared.dir/__/common/performance_counter.cpp.obj
[  9%] Building CXX object firmware/baseband/CMakeFiles/baseband_shared.dir/__/common/random.cpp.obj
[ 10%] Building CXX object firmware/baseband/CMakeFiles/baseband_shared.dir/tone_gen.cpp.obj
[ 10%] Building CXX object firmware/application/CMakeFiles/application.elf.dir/__/common/pocsag.cpp.obj
[ 10%] Building CXX object firmware/application/CMakeFiles/application.elf.dir/__/common/pocsag_packet.cpp.obj
[ 10%] Built target baseband_shared
[ 10%] Building CXX object firmware/application/CMakeFiles/application.elf.dir/__/common/aprs_packet.cpp.obj
[ 10%] Building CXX object firmware/baseband/CMakeFiles/baseband_sd_over_usb.elf.dir/sd_over_usb/proc_sd_over_usb.cpp.obj
[ 10%] Building C object firmware/baseband/CMakeFiles/baseband_sd_over_usb.elf.dir/sd_over_usb/scsi.c.obj
[ 10%] Building C object firmware/baseband/CMakeFiles/baseband_sd_over_usb.elf.dir/sd_over_usb/diskio.c.obj
[ 10%] Building C object firmware/baseband/CMakeFiles/baseband_sd_over_usb.elf.dir/sd_over_usb/sd_over_usb.c.obj
[ 10%] Building C object firmware/baseband/CMakeFiles/baseband_sd_over_usb.elf.dir/sd_over_usb/usb_descriptor.c.obj
[ 10%] Building C object firmware/baseband/CMakeFiles/baseband_sd_over_usb.elf.dir/sd_over_usb/hackrf_core.c.obj
[ 11%] Building C object firmware/baseband/CMakeFiles/baseband_sd_over_usb.elf.dir/__/__/hackrf/firmware/common/adc.c.obj
[ 11%] Building C object firmware/baseband/CMakeFiles/baseband_sd_over_usb.elf.dir/__/__/hackrf/firmware/common/selftest.c.obj
[ 11%] Building CXX object firmware/baseband/CMakeFiles/baseband_adsbrx.elf.dir/proc_adsbrx.cpp.obj
[ 11%] Building C object firmware/baseband/CMakeFiles/baseband_sd_over_usb.elf.dir/__/__/hackrf/firmware/common/usb.c.obj
[ 11%] Building C object firmware/baseband/CMakeFiles/baseband_adsbrx.elf.dir/__/chibios/os/hal/src/hal.c.obj
[ 11%] Building CXX object firmware/baseband/CMakeFiles/baseband_afsktx.elf.dir/proc_afsk.cpp.obj
[ 11%] Building C object firmware/baseband/CMakeFiles/baseband_sd_over_usb.elf.dir/__/__/hackrf/firmware/common/usb_queue.c.obj
[ 11%] Building C object firmware/baseband/CMakeFiles/baseband_sd_over_usb.elf.dir/__/__/hackrf/firmware/hackrf_usb/usb_device.c.obj
[ 11%] Building C object firmware/baseband/CMakeFiles/baseband_sd_over_usb.elf.dir/__/__/hackrf/firmware/hackrf_usb/usb_endpoint.c.obj
[ 11%] Building C object firmware/baseband/CMakeFiles/baseband_sd_over_usb.elf.dir/__/__/hackrf/firmware/common/usb_request.c.obj
[ 11%] Building CXX object firmware/application/CMakeFiles/application.elf.dir/__/common/portapack_io.cpp.obj
[ 11%] Building C object firmware/baseband/CMakeFiles/baseband_sd_over_usb.elf.dir/__/__/hackrf/firmware/common/usb_standard_request.c.obj
[ 11%] Building C object firmware/baseband/CMakeFiles/baseband_sd_over_usb.elf.dir/__/__/hackrf/firmware/common/platform_detect.c.obj
[ 11%] Building C object firmware/baseband/CMakeFiles/baseband_sd_over_usb.elf.dir/__/__/hackrf/firmware/common/delay.c.obj
[ 11%] Building C object firmware/baseband/CMakeFiles/baseband_sd_over_usb.elf.dir/__/__/hackrf/firmware/common/platform_gpio.c.obj
[ 11%] Building C object firmware/baseband/CMakeFiles/baseband_sd_over_usb.elf.dir/__/__/hackrf/firmware/common/platform_scu.c.obj
[ 11%] Building C object firmware/baseband/CMakeFiles/baseband_sd_over_usb.elf.dir/__/__/hackrf/firmware/common/gpio_lpc.c.obj
[ 11%] Building C object firmware/baseband/CMakeFiles/baseband_sd_over_usb.elf.dir/__/__/hackrf/firmware/common/firmware_info.c.obj
[ 11%] Building C object firmware/baseband/CMakeFiles/baseband_sd_over_usb.elf.dir/__/__/hackrf/firmware/common/si5351c.c.obj
[ 11%] Building C object firmware/baseband/CMakeFiles/baseband_adsbrx.elf.dir/__/chibios/os/hal/src/adc.c.obj
[ 11%] Building C object firmware/baseband/CMakeFiles/baseband_adsbrx.elf.dir/__/chibios/os/hal/src/can.c.obj
[ 11%] Building C object firmware/baseband/CMakeFiles/baseband_adsbrx.elf.dir/__/chibios/os/hal/src/ext.c.obj
[ 13%] Building C object firmware/baseband/CMakeFiles/baseband_adsbrx.elf.dir/__/chibios/os/hal/src/gpt.c.obj
[ 13%] Building C object firmware/baseband/CMakeFiles/baseband_afsktx.elf.dir/__/chibios/os/hal/src/hal.c.obj
[ 13%] Building C object firmware/baseband/CMakeFiles/baseband_adsbrx.elf.dir/__/chibios/os/hal/src/i2c.c.obj
[ 13%] Building C object firmware/baseband/CMakeFiles/baseband_afsktx.elf.dir/__/chibios/os/hal/src/adc.c.obj
[ 13%] Building C object firmware/baseband/CMakeFiles/baseband_adsbrx.elf.dir/__/chibios/os/hal/src/icu.c.obj
[ 13%] Building C object firmware/baseband/CMakeFiles/baseband_adsbrx.elf.dir/__/chibios/os/hal/src/mac.c.obj
[ 13%] Building C object firmware/baseband/CMakeFiles/baseband_afsktx.elf.dir/__/chibios/os/hal/src/can.c.obj
[ 13%] Building C object firmware/baseband/CMakeFiles/baseband_adsbrx.elf.dir/__/chibios/os/hal/src/mmc_spi.c.obj
[ 13%] Building C object firmware/baseband/CMakeFiles/baseband_afsktx.elf.dir/__/chibios/os/hal/src/ext.c.obj
[ 13%] Building C object firmware/baseband/CMakeFiles/baseband_sd_over_usb.elf.dir/__/__/hackrf/firmware/common/i2c_bus.c.obj
[ 13%] Building C object firmware/baseband/CMakeFiles/baseband_afsktx.elf.dir/__/chibios/os/hal/src/gpt.c.obj
[ 13%] Building C object firmware/baseband/CMakeFiles/baseband_adsbrx.elf.dir/__/chibios/os/hal/src/mmcsd.c.obj
[ 13%] Building C object firmware/baseband/CMakeFiles/baseband_sd_over_usb.elf.dir/__/__/hackrf/firmware/common/mixer.c.obj
[ 13%] Building C object firmware/baseband/CMakeFiles/baseband_afsktx.elf.dir/__/chibios/os/hal/src/i2c.c.obj
[ 13%] Building C object firmware/baseband/CMakeFiles/baseband_adsbrx.elf.dir/__/chibios/os/hal/src/pal.c.obj
[ 13%] Building C object firmware/baseband/CMakeFiles/baseband_sd_over_usb.elf.dir/__/__/hackrf/firmware/common/spi_bus.c.obj
[ 13%] Building CXX object firmware/application/CMakeFiles/application.elf.dir/__/common/portapack_persistent_memory.cpp.obj
[ 13%] Building C object firmware/baseband/CMakeFiles/baseband_adsbrx.elf.dir/__/chibios/os/hal/src/pwm.c.obj
[ 13%] Building C object firmware/baseband/CMakeFiles/baseband_afsktx.elf.dir/__/chibios/os/hal/src/icu.c.obj
[ 13%] Building C object firmware/baseband/CMakeFiles/baseband_sd_over_usb.elf.dir/__/__/hackrf/firmware/common/sgpio.c.obj
[ 13%] Building C object firmware/baseband/CMakeFiles/baseband_afsktx.elf.dir/__/chibios/os/hal/src/mac.c.obj
[ 13%] Building C object firmware/baseband/CMakeFiles/baseband_adsbrx.elf.dir/__/chibios/os/hal/src/rtc.c.obj
[ 13%] Building C object firmware/baseband/CMakeFiles/baseband_adsbrx.elf.dir/__/chibios/os/hal/src/sdc.c.obj
[ 13%] Building C object firmware/baseband/CMakeFiles/baseband_afsktx.elf.dir/__/chibios/os/hal/src/mmc_spi.c.obj
[ 13%] Building C object firmware/baseband/CMakeFiles/baseband_sd_over_usb.elf.dir/__/__/hackrf/firmware/common/rf_path.c.obj
[ 13%] Building C object firmware/baseband/CMakeFiles/baseband_adsbrx.elf.dir/__/chibios/os/hal/src/serial.c.obj
[ 13%] Building C object firmware/baseband/CMakeFiles/baseband_afsktx.elf.dir/__/chibios/os/hal/src/mmcsd.c.obj
[ 13%] Building C object firmware/baseband/CMakeFiles/baseband_adsbrx.elf.dir/__/chibios/os/hal/src/serial_usb.c.obj
[ 13%] Building C object firmware/baseband/CMakeFiles/baseband_afsktx.elf.dir/__/chibios/os/hal/src/pal.c.obj
[ 13%] Building C object firmware/baseband/CMakeFiles/baseband_sd_over_usb.elf.dir/__/__/hackrf/firmware/common/i2c_lpc.c.obj
[ 13%] Building C object firmware/baseband/CMakeFiles/baseband_adsbrx.elf.dir/__/chibios/os/hal/src/spi.c.obj
[ 13%] Building C object firmware/baseband/CMakeFiles/baseband_afsktx.elf.dir/__/chibios/os/hal/src/pwm.c.obj
[ 13%] Building C object firmware/baseband/CMakeFiles/baseband_sd_over_usb.elf.dir/__/__/hackrf/firmware/common/spi_ssp.c.obj
[ 13%] Building C object firmware/baseband/CMakeFiles/baseband_adsbrx.elf.dir/__/chibios/os/hal/src/tm.c.obj
[ 13%] Building C object firmware/baseband/CMakeFiles/baseband_afsktx.elf.dir/__/chibios/os/hal/src/rtc.c.obj
[ 13%] Building C object firmware/baseband/CMakeFiles/baseband_adsbrx.elf.dir/__/chibios/os/hal/src/uart.c.obj
[ 13%] Building C object firmware/baseband/CMakeFiles/baseband_afsktx.elf.dir/__/chibios/os/hal/src/sdc.c.obj
[ 13%] Building C object firmware/baseband/CMakeFiles/baseband_sd_over_usb.elf.dir/__/__/hackrf/firmware/common/rffc5071_spi.c.obj
[ 13%] Building C object firmware/baseband/CMakeFiles/baseband_afsktx.elf.dir/__/chibios/os/hal/src/serial.c.obj
[ 13%] Building C object firmware/baseband/CMakeFiles/baseband_adsbrx.elf.dir/__/chibios/os/hal/src/usb.c.obj
[ 13%] Building C object firmware/baseband/CMakeFiles/baseband_sd_over_usb.elf.dir/__/__/hackrf/firmware/common/rffc5071.c.obj
[ 13%] Building C object firmware/baseband/CMakeFiles/baseband_afsktx.elf.dir/__/chibios/os/hal/src/serial_usb.c.obj
[ 13%] Building C object firmware/baseband/CMakeFiles/baseband_adsbrx.elf.dir/__/chibios-portapack/os/hal/platforms/LPC43xx_M4/hal_lld.c.obj
[ 13%] Building C object firmware/baseband/CMakeFiles/baseband_afsktx.elf.dir/__/chibios/os/hal/src/spi.c.obj
[ 13%] Building C object firmware/baseband/CMakeFiles/baseband_adsbrx.elf.dir/__/chibios-portapack/os/hal/platforms/LPC43xx/gpt_lld.c.obj
[ 13%] Building C object firmware/baseband/CMakeFiles/baseband_afsktx.elf.dir/__/chibios/os/hal/src/tm.c.obj
[ 13%] Building C object firmware/baseband/CMakeFiles/baseband_adsbrx.elf.dir/__/chibios-portapack/os/hal/platforms/LPC43xx/i2c_lld.c.obj
[ 13%] Building C object firmware/baseband/CMakeFiles/baseband_afsktx.elf.dir/__/chibios/os/hal/src/uart.c.obj
[ 13%] Building C object firmware/baseband/CMakeFiles/baseband_adsbrx.elf.dir/__/chibios-portapack/os/hal/platforms/LPC43xx/pal_lld.c.obj
[ 13%] Building C object firmware/baseband/CMakeFiles/baseband_afsktx.elf.dir/__/chibios/os/hal/src/usb.c.obj
[ 13%] Building C object firmware/baseband/CMakeFiles/baseband_adsbrx.elf.dir/__/chibios-portapack/os/hal/platforms/LPC43xx/rtc_lld.c.obj
[ 13%] Building C object firmware/baseband/CMakeFiles/baseband_afsktx.elf.dir/__/chibios-portapack/os/hal/platforms/LPC43xx_M4/hal_lld.c.obj
[ 13%] Building C object firmware/baseband/CMakeFiles/baseband_sd_over_usb.elf.dir/__/__/hackrf/firmware/common/gpdma.c.obj
[ 13%] Building C object firmware/baseband/CMakeFiles/baseband_adsbrx.elf.dir/__/chibios-portapack/os/hal/platforms/LPC43xx/sdc_lld.c.obj
[ 13%] Building C object firmware/baseband/CMakeFiles/baseband_afsktx.elf.dir/__/chibios-portapack/os/hal/platforms/LPC43xx/gpt_lld.c.obj
[ 13%] Building C object firmware/baseband/CMakeFiles/baseband_sd_over_usb.elf.dir/__/__/hackrf/firmware/libopencm3/lib/cm3/nvic.c.obj
[ 13%] Building C object firmware/baseband/CMakeFiles/baseband_adsbrx.elf.dir/__/chibios-portapack/os/hal/platforms/LPC43xx/serial_lld.c.obj
[ 13%] Building C object firmware/baseband/CMakeFiles/baseband_afsktx.elf.dir/__/chibios-portapack/os/hal/platforms/LPC43xx/i2c_lld.c.obj
[ 13%] Building C object firmware/baseband/CMakeFiles/baseband_sd_over_usb.elf.dir/__/__/hackrf/firmware/libopencm3/lib/cm3/sync.c.obj
[ 13%] Building C object firmware/baseband/CMakeFiles/baseband_adsbrx.elf.dir/__/chibios-portapack/os/hal/platforms/LPC43xx/spi_lld.c.obj
[ 14%] Building C object firmware/baseband/CMakeFiles/baseband_afsktx.elf.dir/__/chibios-portapack/os/hal/platforms/LPC43xx/pal_lld.c.obj
[ 14%] Building C object firmware/baseband/CMakeFiles/baseband_sd_over_usb.elf.dir/__/__/hackrf/firmware/libopencm3/lib/lpc43xx/scu.c.obj
[ 14%] Building C object firmware/baseband/CMakeFiles/baseband_adsbrx.elf.dir/__/chibios-portapack/os/hal/platforms/LPC43xx/lpc43xx.c.obj
[ 14%] Building C object firmware/baseband/CMakeFiles/baseband_afsktx.elf.dir/__/chibios-portapack/os/hal/platforms/LPC43xx/rtc_lld.c.obj
[ 15%] Building C object firmware/baseband/CMakeFiles/baseband_sd_over_usb.elf.dir/__/__/hackrf/firmware/libopencm3/lib/lpc43xx/timer.c.obj
[ 15%] Linking CXX executable baseband_adsbrx.elf
[ 15%] Building C object firmware/baseband/CMakeFiles/baseband_afsktx.elf.dir/__/chibios-portapack/os/hal/platforms/LPC43xx/sdc_lld.c.obj
[ 15%] Building C object firmware/baseband/CMakeFiles/baseband_sd_over_usb.elf.dir/__/__/hackrf/firmware/libopencm3/lib/lpc43xx/i2c.c.obj
Memory region         Used Size  Region Size  %age Used
           flash:       11208 B      32752 B     34.22%
             ram:       11380 B        96 KB     11.58%
         ram_usb:           0 B        32 KB      0.00%
[ 15%] Building C object firmware/baseband/CMakeFiles/baseband_afsktx.elf.dir/__/chibios-portapack/os/hal/platforms/LPC43xx/serial_lld.c.obj
[ 15%] Built target baseband_adsbrx.elf
[ 15%] Building CXX object firmware/application/CMakeFiles/application.elf.dir/__/common/portapack_shared_memory.cpp.obj
[ 15%] Building C object firmware/baseband/CMakeFiles/baseband_afsktx.elf.dir/__/chibios-portapack/os/hal/platforms/LPC43xx/spi_lld.c.obj
[ 15%] Building C object firmware/baseband/CMakeFiles/baseband_sd_over_usb.elf.dir/__/chibios/os/hal/src/hal.c.obj
[ 15%] Building C object firmware/baseband/CMakeFiles/baseband_afsktx.elf.dir/__/chibios-portapack/os/hal/platforms/LPC43xx/lpc43xx.c.obj
[ 15%] Building C object firmware/baseband/CMakeFiles/baseband_sd_over_usb.elf.dir/__/chibios/os/hal/src/adc.c.obj
[ 15%] Linking CXX executable baseband_afsktx.elf
[ 15%] Building C object firmware/baseband/CMakeFiles/baseband_sd_over_usb.elf.dir/__/chibios/os/hal/src/can.c.obj
Memory region         Used Size  Region Size  %age Used
           flash:        9416 B      32752 B     28.75%
             ram:       10280 B        96 KB     10.46%
         ram_usb:           0 B        32 KB      0.00%
[ 15%] Built target baseband_afsktx.elf
[ 15%] Building C object firmware/baseband/CMakeFiles/baseband_sd_over_usb.elf.dir/__/chibios/os/hal/src/ext.c.obj
[ 15%] Building C object firmware/baseband/CMakeFiles/baseband_sd_over_usb.elf.dir/__/chibios/os/hal/src/gpt.c.obj
[ 15%] Building C object firmware/baseband/CMakeFiles/baseband_sd_over_usb.elf.dir/__/chibios/os/hal/src/i2c.c.obj
[ 15%] Building C object firmware/baseband/CMakeFiles/baseband_sd_over_usb.elf.dir/__/chibios/os/hal/src/icu.c.obj
[ 15%] Building CXX object firmware/application/CMakeFiles/application.elf.dir/__/common/sonde_packet.cpp.obj
[ 15%] Building C object firmware/baseband/CMakeFiles/baseband_sd_over_usb.elf.dir/__/chibios/os/hal/src/mac.c.obj
[ 15%] Building C object firmware/baseband/CMakeFiles/baseband_sd_over_usb.elf.dir/__/chibios/os/hal/src/mmc_spi.c.obj
[ 15%] Building C object firmware/baseband/CMakeFiles/baseband_sd_over_usb.elf.dir/__/chibios/os/hal/src/mmcsd.c.obj
[ 15%] Building C object firmware/baseband/CMakeFiles/baseband_sd_over_usb.elf.dir/__/chibios/os/hal/src/pal.c.obj
[ 15%] Building C object firmware/baseband/CMakeFiles/baseband_sd_over_usb.elf.dir/__/chibios/os/hal/src/pwm.c.obj
[ 15%] Building C object firmware/baseband/CMakeFiles/baseband_sd_over_usb.elf.dir/__/chibios/os/hal/src/rtc.c.obj
[ 15%] Building C object firmware/baseband/CMakeFiles/baseband_sd_over_usb.elf.dir/__/chibios/os/hal/src/sdc.c.obj
[ 15%] Building CXX object firmware/application/CMakeFiles/application.elf.dir/__/common/tpms_packet.cpp.obj
[ 15%] Building C object firmware/baseband/CMakeFiles/baseband_sd_over_usb.elf.dir/__/chibios/os/hal/src/serial.c.obj
[ 15%] Building C object firmware/baseband/CMakeFiles/baseband_sd_over_usb.elf.dir/__/chibios/os/hal/src/serial_usb.c.obj
[ 15%] Building C object firmware/baseband/CMakeFiles/baseband_sd_over_usb.elf.dir/__/chibios/os/hal/src/spi.c.obj
[ 15%] Building C object firmware/baseband/CMakeFiles/baseband_sd_over_usb.elf.dir/__/chibios/os/hal/src/tm.c.obj
[ 15%] Building C object firmware/baseband/CMakeFiles/baseband_sd_over_usb.elf.dir/__/chibios/os/hal/src/uart.c.obj
[ 15%] Building CXX object firmware/baseband/CMakeFiles/baseband_aprsrx.elf.dir/proc_aprsrx.cpp.obj
[ 15%] Building C object firmware/baseband/CMakeFiles/baseband_sd_over_usb.elf.dir/__/chibios/os/hal/src/usb.c.obj
[ 15%] Building C object firmware/baseband/CMakeFiles/baseband_sd_over_usb.elf.dir/__/chibios-portapack/os/hal/platforms/LPC43xx_M4/hal_lld.c.obj
[ 15%] Building C object firmware/baseband/CMakeFiles/baseband_sd_over_usb.elf.dir/__/chibios-portapack/os/hal/platforms/LPC43xx/gpt_lld.c.obj
[ 15%] Building C object firmware/baseband/CMakeFiles/baseband_sd_over_usb.elf.dir/__/chibios-portapack/os/hal/platforms/LPC43xx/i2c_lld.c.obj
[ 15%] Building C object firmware/baseband/CMakeFiles/baseband_sd_over_usb.elf.dir/__/chibios-portapack/os/hal/platforms/LPC43xx/pal_lld.c.obj
[ 15%] Building C object firmware/baseband/CMakeFiles/baseband_sd_over_usb.elf.dir/__/chibios-portapack/os/hal/platforms/LPC43xx/rtc_lld.c.obj
[ 15%] Building C object firmware/baseband/CMakeFiles/baseband_sd_over_usb.elf.dir/__/chibios-portapack/os/hal/platforms/LPC43xx/sdc_lld.c.obj
[ 15%] Building CXX object firmware/application/CMakeFiles/application.elf.dir/__/common/ui.cpp.obj
[ 15%] Building C object firmware/baseband/CMakeFiles/baseband_aprsrx.elf.dir/__/chibios/os/hal/src/hal.c.obj
[ 15%] Building C object firmware/baseband/CMakeFiles/baseband_sd_over_usb.elf.dir/__/chibios-portapack/os/hal/platforms/LPC43xx/serial_lld.c.obj
[ 15%] Building CXX object firmware/baseband/CMakeFiles/baseband_btlerx.elf.dir/proc_btlerx.cpp.obj
[ 16%] Building C object firmware/baseband/CMakeFiles/baseband_sd_over_usb.elf.dir/__/chibios-portapack/os/hal/platforms/LPC43xx/spi_lld.c.obj
[ 16%] Building C object firmware/baseband/CMakeFiles/baseband_sd_over_usb.elf.dir/__/chibios-portapack/os/hal/platforms/LPC43xx/lpc43xx.c.obj
[ 16%] Linking CXX executable baseband_sd_over_usb.elf
Memory region         Used Size  Region Size  %age Used
           flash:       28816 B      32752 B     87.98%
             ram:       11936 B        96 KB     12.14%
         ram_usb:           0 B        32 KB      0.00%
[ 16%] Built target baseband_sd_over_usb.elf
[ 16%] Building CXX object firmware/application/CMakeFiles/application.elf.dir/__/common/ui_focus.cpp.obj
[ 16%] Building C object firmware/baseband/CMakeFiles/baseband_aprsrx.elf.dir/__/chibios/os/hal/src/adc.c.obj
[ 16%] Building CXX object firmware/baseband/CMakeFiles/baseband_btletx.elf.dir/proc_ble_tx.cpp.obj
[ 16%] Building C object firmware/baseband/CMakeFiles/baseband_aprsrx.elf.dir/__/chibios/os/hal/src/can.c.obj
[ 16%] Building C object firmware/baseband/CMakeFiles/baseband_aprsrx.elf.dir/__/chibios/os/hal/src/ext.c.obj
[ 16%] Building C object firmware/baseband/CMakeFiles/baseband_aprsrx.elf.dir/__/chibios/os/hal/src/gpt.c.obj
[ 16%] Building C object firmware/baseband/CMakeFiles/baseband_aprsrx.elf.dir/__/chibios/os/hal/src/i2c.c.obj
[ 16%] Building C object firmware/baseband/CMakeFiles/baseband_aprsrx.elf.dir/__/chibios/os/hal/src/icu.c.obj
[ 16%] Building C object firmware/baseband/CMakeFiles/baseband_aprsrx.elf.dir/__/chibios/os/hal/src/mac.c.obj
[ 16%] Building C object firmware/baseband/CMakeFiles/baseband_aprsrx.elf.dir/__/chibios/os/hal/src/mmc_spi.c.obj
[ 16%] Building C object firmware/baseband/CMakeFiles/baseband_aprsrx.elf.dir/__/chibios/os/hal/src/mmcsd.c.obj
[ 16%] Building C object firmware/baseband/CMakeFiles/baseband_aprsrx.elf.dir/__/chibios/os/hal/src/pal.c.obj
[ 16%] Building C object firmware/baseband/CMakeFiles/baseband_aprsrx.elf.dir/__/chibios/os/hal/src/pwm.c.obj
[ 17%] Building C object firmware/baseband/CMakeFiles/baseband_aprsrx.elf.dir/__/chibios/os/hal/src/rtc.c.obj
[ 17%] Building C object firmware/baseband/CMakeFiles/baseband_aprsrx.elf.dir/__/chibios/os/hal/src/sdc.c.obj
[ 17%] Building C object firmware/baseband/CMakeFiles/baseband_aprsrx.elf.dir/__/chibios/os/hal/src/serial.c.obj
[ 17%] Building C object firmware/baseband/CMakeFiles/baseband_aprsrx.elf.dir/__/chibios/os/hal/src/serial_usb.c.obj
[ 17%] Building C object firmware/baseband/CMakeFiles/baseband_aprsrx.elf.dir/__/chibios/os/hal/src/spi.c.obj
[ 18%] Building C object firmware/baseband/CMakeFiles/baseband_btlerx.elf.dir/__/chibios/os/hal/src/hal.c.obj
[ 18%] Building C object firmware/baseband/CMakeFiles/baseband_aprsrx.elf.dir/__/chibios/os/hal/src/tm.c.obj
[ 18%] Building C object firmware/baseband/CMakeFiles/baseband_btlerx.elf.dir/__/chibios/os/hal/src/adc.c.obj
[ 18%] Building CXX object firmware/application/CMakeFiles/application.elf.dir/__/common/ui_painter.cpp.obj
[ 18%] Building C object firmware/baseband/CMakeFiles/baseband_aprsrx.elf.dir/__/chibios/os/hal/src/uart.c.obj
[ 18%] Building C object firmware/baseband/CMakeFiles/baseband_btlerx.elf.dir/__/chibios/os/hal/src/can.c.obj
[ 18%] Building C object firmware/baseband/CMakeFiles/baseband_aprsrx.elf.dir/__/chibios/os/hal/src/usb.c.obj
[ 18%] Building C object firmware/baseband/CMakeFiles/baseband_btlerx.elf.dir/__/chibios/os/hal/src/ext.c.obj
[ 18%] Building C object firmware/baseband/CMakeFiles/baseband_aprsrx.elf.dir/__/chibios-portapack/os/hal/platforms/LPC43xx_M4/hal_lld.c.obj
[ 18%] Building C object firmware/baseband/CMakeFiles/baseband_btlerx.elf.dir/__/chibios/os/hal/src/gpt.c.obj
[ 18%] Building C object firmware/baseband/CMakeFiles/baseband_aprsrx.elf.dir/__/chibios-portapack/os/hal/platforms/LPC43xx/gpt_lld.c.obj
[ 18%] Building C object firmware/baseband/CMakeFiles/baseband_btlerx.elf.dir/__/chibios/os/hal/src/i2c.c.obj
[ 18%] Building C object firmware/baseband/CMakeFiles/baseband_aprsrx.elf.dir/__/chibios-portapack/os/hal/platforms/LPC43xx/i2c_lld.c.obj
[ 18%] Building C object firmware/baseband/CMakeFiles/baseband_btlerx.elf.dir/__/chibios/os/hal/src/icu.c.obj
[ 18%] Building C object firmware/baseband/CMakeFiles/baseband_aprsrx.elf.dir/__/chibios-portapack/os/hal/platforms/LPC43xx/pal_lld.c.obj
[ 18%] Building C object firmware/baseband/CMakeFiles/baseband_btlerx.elf.dir/__/chibios/os/hal/src/mac.c.obj
[ 18%] Building C object firmware/baseband/CMakeFiles/baseband_aprsrx.elf.dir/__/chibios-portapack/os/hal/platforms/LPC43xx/rtc_lld.c.obj
[ 18%] Building C object firmware/baseband/CMakeFiles/baseband_btlerx.elf.dir/__/chibios/os/hal/src/mmc_spi.c.obj
[ 18%] Building C object firmware/baseband/CMakeFiles/baseband_aprsrx.elf.dir/__/chibios-portapack/os/hal/platforms/LPC43xx/sdc_lld.c.obj
[ 18%] Building C object firmware/baseband/CMakeFiles/baseband_btlerx.elf.dir/__/chibios/os/hal/src/mmcsd.c.obj
[ 18%] Building C object firmware/baseband/CMakeFiles/baseband_aprsrx.elf.dir/__/chibios-portapack/os/hal/platforms/LPC43xx/serial_lld.c.obj
[ 18%] Building C object firmware/baseband/CMakeFiles/baseband_btlerx.elf.dir/__/chibios/os/hal/src/pal.c.obj
[ 18%] Building C object firmware/baseband/CMakeFiles/baseband_aprsrx.elf.dir/__/chibios-portapack/os/hal/platforms/LPC43xx/spi_lld.c.obj
[ 18%] Building C object firmware/baseband/CMakeFiles/baseband_btlerx.elf.dir/__/chibios/os/hal/src/pwm.c.obj
[ 18%] Building C object firmware/baseband/CMakeFiles/baseband_aprsrx.elf.dir/__/chibios-portapack/os/hal/platforms/LPC43xx/lpc43xx.c.obj
[ 18%] Building C object firmware/baseband/CMakeFiles/baseband_btlerx.elf.dir/__/chibios/os/hal/src/rtc.c.obj
[ 18%] Building C object firmware/baseband/CMakeFiles/baseband_btletx.elf.dir/__/chibios/os/hal/src/hal.c.obj
[ 18%] Linking CXX executable baseband_aprsrx.elf
[ 18%] Building C object firmware/baseband/CMakeFiles/baseband_btlerx.elf.dir/__/chibios/os/hal/src/sdc.c.obj
Memory region         Used Size  Region Size  %age Used
           flash:       18248 B      32752 B     55.72%
             ram:       11356 B        96 KB     11.55%
         ram_usb:           0 B        32 KB      0.00%
[ 18%] Building C object firmware/baseband/CMakeFiles/baseband_btletx.elf.dir/__/chibios/os/hal/src/adc.c.obj
[ 18%] Built target baseband_aprsrx.elf
[ 18%] Building C object firmware/baseband/CMakeFiles/baseband_btlerx.elf.dir/__/chibios/os/hal/src/serial.c.obj
[ 18%] Building C object firmware/baseband/CMakeFiles/baseband_btletx.elf.dir/__/chibios/os/hal/src/can.c.obj
[ 18%] Building C object firmware/baseband/CMakeFiles/baseband_btlerx.elf.dir/__/chibios/os/hal/src/serial_usb.c.obj
[ 18%] Building C object firmware/baseband/CMakeFiles/baseband_btlerx.elf.dir/__/chibios/os/hal/src/spi.c.obj
[ 18%] Building C object firmware/baseband/CMakeFiles/baseband_btletx.elf.dir/__/chibios/os/hal/src/ext.c.obj
[ 18%] Building C object firmware/baseband/CMakeFiles/baseband_btlerx.elf.dir/__/chibios/os/hal/src/tm.c.obj
[ 18%] Building C object firmware/baseband/CMakeFiles/baseband_btletx.elf.dir/__/chibios/os/hal/src/gpt.c.obj
[ 18%] Building CXX object firmware/baseband/CMakeFiles/baseband_ais.elf.dir/proc_ais.cpp.obj
[ 18%] Building C object firmware/baseband/CMakeFiles/baseband_btlerx.elf.dir/__/chibios/os/hal/src/uart.c.obj
[ 18%] Building C object firmware/baseband/CMakeFiles/baseband_btletx.elf.dir/__/chibios/os/hal/src/i2c.c.obj
[ 18%] Building C object firmware/baseband/CMakeFiles/baseband_btlerx.elf.dir/__/chibios/os/hal/src/usb.c.obj
[ 18%] Building C object firmware/baseband/CMakeFiles/baseband_btletx.elf.dir/__/chibios/os/hal/src/icu.c.obj
[ 18%] Building C object firmware/baseband/CMakeFiles/baseband_btlerx.elf.dir/__/chibios-portapack/os/hal/platforms/LPC43xx_M4/hal_lld.c.obj
[ 18%] Building C object firmware/baseband/CMakeFiles/baseband_btletx.elf.dir/__/chibios/os/hal/src/mac.c.obj
[ 18%] Building C object firmware/baseband/CMakeFiles/baseband_btletx.elf.dir/__/chibios/os/hal/src/mmc_spi.c.obj
[ 18%] Building C object firmware/baseband/CMakeFiles/baseband_btlerx.elf.dir/__/chibios-portapack/os/hal/platforms/LPC43xx/gpt_lld.c.obj
[ 18%] Building C object firmware/baseband/CMakeFiles/baseband_btletx.elf.dir/__/chibios/os/hal/src/mmcsd.c.obj
[ 18%] Building C object firmware/baseband/CMakeFiles/baseband_btlerx.elf.dir/__/chibios-portapack/os/hal/platforms/LPC43xx/i2c_lld.c.obj
[ 18%] Building C object firmware/baseband/CMakeFiles/baseband_btletx.elf.dir/__/chibios/os/hal/src/pal.c.obj
[ 18%] Building C object firmware/baseband/CMakeFiles/baseband_btlerx.elf.dir/__/chibios-portapack/os/hal/platforms/LPC43xx/pal_lld.c.obj
[ 18%] Building C object firmware/baseband/CMakeFiles/baseband_btletx.elf.dir/__/chibios/os/hal/src/pwm.c.obj
[ 18%] Building C object firmware/baseband/CMakeFiles/baseband_btlerx.elf.dir/__/chibios-portapack/os/hal/platforms/LPC43xx/rtc_lld.c.obj
[ 18%] Building C object firmware/baseband/CMakeFiles/baseband_btletx.elf.dir/__/chibios/os/hal/src/rtc.c.obj
[ 18%] Building C object firmware/baseband/CMakeFiles/baseband_btlerx.elf.dir/__/chibios-portapack/os/hal/platforms/LPC43xx/sdc_lld.c.obj
[ 18%] Building C object firmware/baseband/CMakeFiles/baseband_btletx.elf.dir/__/chibios/os/hal/src/sdc.c.obj
[ 18%] Building C object firmware/baseband/CMakeFiles/baseband_btlerx.elf.dir/__/chibios-portapack/os/hal/platforms/LPC43xx/serial_lld.c.obj
[ 18%] Building C object firmware/baseband/CMakeFiles/baseband_btletx.elf.dir/__/chibios/os/hal/src/serial.c.obj
[ 18%] Building C object firmware/baseband/CMakeFiles/baseband_btlerx.elf.dir/__/chibios-portapack/os/hal/platforms/LPC43xx/spi_lld.c.obj
[ 18%] Building CXX object firmware/application/CMakeFiles/application.elf.dir/__/common/ui_text.cpp.obj
[ 18%] Building C object firmware/baseband/CMakeFiles/baseband_btletx.elf.dir/__/chibios/os/hal/src/serial_usb.c.obj
[ 19%] Building C object firmware/baseband/CMakeFiles/baseband_btlerx.elf.dir/__/chibios-portapack/os/hal/platforms/LPC43xx/lpc43xx.c.obj
[ 19%] Building C object firmware/baseband/CMakeFiles/baseband_btletx.elf.dir/__/chibios/os/hal/src/spi.c.obj
[ 19%] Linking CXX executable baseband_btlerx.elf
[ 19%] Building C object firmware/baseband/CMakeFiles/baseband_btletx.elf.dir/__/chibios/os/hal/src/tm.c.obj
Memory region         Used Size  Region Size  %age Used
           flash:       18864 B      32752 B     57.60%
             ram:       10856 B        96 KB     11.04%
         ram_usb:           0 B        32 KB      0.00%
[ 19%] Building C object firmware/baseband/CMakeFiles/baseband_btletx.elf.dir/__/chibios/os/hal/src/uart.c.obj
[ 19%] Built target baseband_btlerx.elf
[ 19%] Building C object firmware/baseband/CMakeFiles/baseband_ais.elf.dir/__/chibios/os/hal/src/hal.c.obj
[ 19%] Building C object firmware/baseband/CMakeFiles/baseband_btletx.elf.dir/__/chibios/os/hal/src/usb.c.obj
[ 19%] Building CXX object firmware/baseband/CMakeFiles/baseband_am_audio.elf.dir/proc_am_audio.cpp.obj
[ 19%] Building C object firmware/baseband/CMakeFiles/baseband_btletx.elf.dir/__/chibios-portapack/os/hal/platforms/LPC43xx_M4/hal_lld.c.obj
[ 19%] Building C object firmware/baseband/CMakeFiles/baseband_btletx.elf.dir/__/chibios-portapack/os/hal/platforms/LPC43xx/gpt_lld.c.obj
[ 19%] Building CXX object firmware/application/CMakeFiles/application.elf.dir/__/common/ui_widget.cpp.obj
[ 19%] Building C object firmware/baseband/CMakeFiles/baseband_btletx.elf.dir/__/chibios-portapack/os/hal/platforms/LPC43xx/i2c_lld.c.obj
[ 19%] Building C object firmware/baseband/CMakeFiles/baseband_btletx.elf.dir/__/chibios-portapack/os/hal/platforms/LPC43xx/pal_lld.c.obj
[ 19%] Building C object firmware/baseband/CMakeFiles/baseband_btletx.elf.dir/__/chibios-portapack/os/hal/platforms/LPC43xx/rtc_lld.c.obj
[ 19%] Building C object firmware/baseband/CMakeFiles/baseband_btletx.elf.dir/__/chibios-portapack/os/hal/platforms/LPC43xx/sdc_lld.c.obj
[ 20%] Building C object firmware/baseband/CMakeFiles/baseband_btletx.elf.dir/__/chibios-portapack/os/hal/platforms/LPC43xx/serial_lld.c.obj
[ 20%] Building C object firmware/baseband/CMakeFiles/baseband_btletx.elf.dir/__/chibios-portapack/os/hal/platforms/LPC43xx/spi_lld.c.obj
[ 20%] Building C object firmware/baseband/CMakeFiles/baseband_btletx.elf.dir/__/chibios-portapack/os/hal/platforms/LPC43xx/lpc43xx.c.obj
[ 20%] Linking CXX executable baseband_btletx.elf
Memory region         Used Size  Region Size  %age Used
           flash:       13752 B      32752 B     41.99%
             ram:       10360 B        96 KB     10.54%
         ram_usb:           0 B        32 KB      0.00%
[ 20%] Built target baseband_btletx.elf
[ 20%] Building C object firmware/baseband/CMakeFiles/baseband_ais.elf.dir/__/chibios/os/hal/src/adc.c.obj
[ 20%] Building C object firmware/baseband/CMakeFiles/baseband_am_audio.elf.dir/__/chibios/os/hal/src/hal.c.obj
[ 20%] Building C object firmware/baseband/CMakeFiles/baseband_ais.elf.dir/__/chibios/os/hal/src/can.c.obj
[ 20%] Building CXX object firmware/application/CMakeFiles/application.elf.dir/__/common/ui_language.cpp.obj
[ 20%] Building C object firmware/baseband/CMakeFiles/baseband_ais.elf.dir/__/chibios/os/hal/src/ext.c.obj
[ 20%] Building CXX object firmware/baseband/CMakeFiles/baseband_capture.elf.dir/proc_capture.cpp.obj
[ 20%] Building C object firmware/baseband/CMakeFiles/baseband_ais.elf.dir/__/chibios/os/hal/src/gpt.c.obj
[ 20%] Building C object firmware/baseband/CMakeFiles/baseband_ais.elf.dir/__/chibios/os/hal/src/i2c.c.obj
[ 20%] Building C object firmware/baseband/CMakeFiles/baseband_ais.elf.dir/__/chibios/os/hal/src/icu.c.obj
[ 20%] Building C object firmware/baseband/CMakeFiles/baseband_ais.elf.dir/__/chibios/os/hal/src/mac.c.obj
[ 20%] Building C object firmware/baseband/CMakeFiles/baseband_ais.elf.dir/__/chibios/os/hal/src/mmc_spi.c.obj
[ 20%] Building C object firmware/baseband/CMakeFiles/baseband_ais.elf.dir/__/chibios/os/hal/src/mmcsd.c.obj
[ 20%] Building C object firmware/baseband/CMakeFiles/baseband_ais.elf.dir/__/chibios/os/hal/src/pal.c.obj
[ 20%] Building C object firmware/baseband/CMakeFiles/baseband_ais.elf.dir/__/chibios/os/hal/src/pwm.c.obj
[ 20%] Building C object firmware/baseband/CMakeFiles/baseband_ais.elf.dir/__/chibios/os/hal/src/rtc.c.obj
[ 20%] Building C object firmware/baseband/CMakeFiles/baseband_ais.elf.dir/__/chibios/os/hal/src/sdc.c.obj
[ 20%] Building C object firmware/baseband/CMakeFiles/baseband_ais.elf.dir/__/chibios/os/hal/src/serial.c.obj
[ 20%] Building C object firmware/baseband/CMakeFiles/baseband_ais.elf.dir/__/chibios/os/hal/src/serial_usb.c.obj
[ 20%] Building C object firmware/baseband/CMakeFiles/baseband_ais.elf.dir/__/chibios/os/hal/src/spi.c.obj
[ 20%] Building C object firmware/baseband/CMakeFiles/baseband_ais.elf.dir/__/chibios/os/hal/src/tm.c.obj
[ 20%] Building C object firmware/baseband/CMakeFiles/baseband_am_audio.elf.dir/__/chibios/os/hal/src/adc.c.obj
[ 20%] Building C object firmware/baseband/CMakeFiles/baseband_ais.elf.dir/__/chibios/os/hal/src/uart.c.obj
[ 20%] Building C object firmware/baseband/CMakeFiles/baseband_am_audio.elf.dir/__/chibios/os/hal/src/can.c.obj
[ 20%] Building C object firmware/baseband/CMakeFiles/baseband_ais.elf.dir/__/chibios/os/hal/src/usb.c.obj
[ 20%] Building C object firmware/baseband/CMakeFiles/baseband_am_audio.elf.dir/__/chibios/os/hal/src/ext.c.obj
[ 21%] Building C object firmware/baseband/CMakeFiles/baseband_ais.elf.dir/__/chibios-portapack/os/hal/platforms/LPC43xx_M4/hal_lld.c.obj
[ 21%] Building C object firmware/baseband/CMakeFiles/baseband_am_audio.elf.dir/__/chibios/os/hal/src/gpt.c.obj
[ 21%] Building C object firmware/baseband/CMakeFiles/baseband_ais.elf.dir/__/chibios-portapack/os/hal/platforms/LPC43xx/gpt_lld.c.obj
[ 21%] Building C object firmware/baseband/CMakeFiles/baseband_am_audio.elf.dir/__/chibios/os/hal/src/i2c.c.obj
[ 21%] Building C object firmware/baseband/CMakeFiles/baseband_ais.elf.dir/__/chibios-portapack/os/hal/platforms/LPC43xx/i2c_lld.c.obj
[ 21%] Building C object firmware/baseband/CMakeFiles/baseband_am_audio.elf.dir/__/chibios/os/hal/src/icu.c.obj
[ 21%] Building C object firmware/baseband/CMakeFiles/baseband_ais.elf.dir/__/chibios-portapack/os/hal/platforms/LPC43xx/pal_lld.c.obj
[ 21%] Building C object firmware/baseband/CMakeFiles/baseband_am_audio.elf.dir/__/chibios/os/hal/src/mac.c.obj
[ 21%] Building C object firmware/baseband/CMakeFiles/baseband_ais.elf.dir/__/chibios-portapack/os/hal/platforms/LPC43xx/rtc_lld.c.obj
[ 21%] Building C object firmware/baseband/CMakeFiles/baseband_am_audio.elf.dir/__/chibios/os/hal/src/mmc_spi.c.obj
[ 21%] Building C object firmware/baseband/CMakeFiles/baseband_ais.elf.dir/__/chibios-portapack/os/hal/platforms/LPC43xx/sdc_lld.c.obj
[ 21%] Building C object firmware/baseband/CMakeFiles/baseband_am_audio.elf.dir/__/chibios/os/hal/src/mmcsd.c.obj
[ 21%] Building C object firmware/baseband/CMakeFiles/baseband_ais.elf.dir/__/chibios-portapack/os/hal/platforms/LPC43xx/serial_lld.c.obj
[ 21%] Building C object firmware/baseband/CMakeFiles/baseband_am_audio.elf.dir/__/chibios/os/hal/src/pal.c.obj
[ 21%] Building C object firmware/baseband/CMakeFiles/baseband_ais.elf.dir/__/chibios-portapack/os/hal/platforms/LPC43xx/spi_lld.c.obj
[ 21%] Building C object firmware/baseband/CMakeFiles/baseband_am_audio.elf.dir/__/chibios/os/hal/src/pwm.c.obj
[ 21%] Building C object firmware/baseband/CMakeFiles/baseband_ais.elf.dir/__/chibios-portapack/os/hal/platforms/LPC43xx/lpc43xx.c.obj
[ 21%] Building C object firmware/baseband/CMakeFiles/baseband_am_audio.elf.dir/__/chibios/os/hal/src/rtc.c.obj
[ 21%] Building C object firmware/baseband/CMakeFiles/baseband_am_audio.elf.dir/__/chibios/os/hal/src/sdc.c.obj
[ 21%] Linking CXX executable baseband_ais.elf
Memory region         Used Size  Region Size  %age Used
           flash:       14520 B      32752 B     44.33%
             ram:       11380 B        96 KB     11.58%
         ram_usb:           0 B        32 KB      0.00%
[ 21%] Building C object firmware/baseband/CMakeFiles/baseband_am_audio.elf.dir/__/chibios/os/hal/src/serial.c.obj
[ 21%] Built target baseband_ais.elf
[ 21%] Building CXX object firmware/application/CMakeFiles/application.elf.dir/__/common/utility.cpp.obj
[ 21%] Building C object firmware/baseband/CMakeFiles/baseband_am_audio.elf.dir/__/chibios/os/hal/src/serial_usb.c.obj
[ 21%] Building C object firmware/baseband/CMakeFiles/baseband_am_audio.elf.dir/__/chibios/os/hal/src/spi.c.obj
[ 22%] Building C object firmware/baseband/CMakeFiles/baseband_am_audio.elf.dir/__/chibios/os/hal/src/tm.c.obj
[ 22%] Building C object firmware/baseband/CMakeFiles/baseband_am_audio.elf.dir/__/chibios/os/hal/src/uart.c.obj
[ 22%] Building C object firmware/baseband/CMakeFiles/baseband_capture.elf.dir/__/chibios/os/hal/src/hal.c.obj
[ 22%] Building C object firmware/baseband/CMakeFiles/baseband_am_audio.elf.dir/__/chibios/os/hal/src/usb.c.obj
[ 22%] Building C object firmware/baseband/CMakeFiles/baseband_capture.elf.dir/__/chibios/os/hal/src/adc.c.obj
[ 22%] Building C object firmware/baseband/CMakeFiles/baseband_am_audio.elf.dir/__/chibios-portapack/os/hal/platforms/LPC43xx_M4/hal_lld.c.obj
[ 22%] Building C object firmware/baseband/CMakeFiles/baseband_capture.elf.dir/__/chibios/os/hal/src/can.c.obj
[ 22%] Building CXX object firmware/baseband/CMakeFiles/baseband_sonde.elf.dir/proc_sonde.cpp.obj
[ 22%] Building C object firmware/baseband/CMakeFiles/baseband_am_audio.elf.dir/__/chibios-portapack/os/hal/platforms/LPC43xx/gpt_lld.c.obj
[ 22%] Building C object firmware/baseband/CMakeFiles/baseband_capture.elf.dir/__/chibios/os/hal/src/ext.c.obj
[ 22%] Building C object firmware/baseband/CMakeFiles/baseband_am_audio.elf.dir/__/chibios-portapack/os/hal/platforms/LPC43xx/i2c_lld.c.obj
[ 22%] Building C object firmware/baseband/CMakeFiles/baseband_capture.elf.dir/__/chibios/os/hal/src/gpt.c.obj
[ 22%] Building C object firmware/baseband/CMakeFiles/baseband_am_audio.elf.dir/__/chibios-portapack/os/hal/platforms/LPC43xx/pal_lld.c.obj
[ 22%] Building C object firmware/baseband/CMakeFiles/baseband_capture.elf.dir/__/chibios/os/hal/src/i2c.c.obj
[ 22%] Building C object firmware/baseband/CMakeFiles/baseband_am_audio.elf.dir/__/chibios-portapack/os/hal/platforms/LPC43xx/rtc_lld.c.obj
[ 22%] Building C object firmware/baseband/CMakeFiles/baseband_capture.elf.dir/__/chibios/os/hal/src/icu.c.obj
[ 22%] Building C object firmware/baseband/CMakeFiles/baseband_am_audio.elf.dir/__/chibios-portapack/os/hal/platforms/LPC43xx/sdc_lld.c.obj
[ 22%] Building C object firmware/baseband/CMakeFiles/baseband_capture.elf.dir/__/chibios/os/hal/src/mac.c.obj
[ 22%] Building C object firmware/baseband/CMakeFiles/baseband_am_audio.elf.dir/__/chibios-portapack/os/hal/platforms/LPC43xx/serial_lld.c.obj
[ 22%] Building C object firmware/baseband/CMakeFiles/baseband_capture.elf.dir/__/chibios/os/hal/src/mmc_spi.c.obj
[ 22%] Building C object firmware/baseband/CMakeFiles/baseband_am_audio.elf.dir/__/chibios-portapack/os/hal/platforms/LPC43xx/spi_lld.c.obj
[ 22%] Building C object firmware/baseband/CMakeFiles/baseband_capture.elf.dir/__/chibios/os/hal/src/mmcsd.c.obj
[ 22%] Building C object firmware/baseband/CMakeFiles/baseband_am_audio.elf.dir/__/chibios-portapack/os/hal/platforms/LPC43xx/lpc43xx.c.obj
[ 22%] Building C object firmware/baseband/CMakeFiles/baseband_capture.elf.dir/__/chibios/os/hal/src/pal.c.obj
[ 22%] Building CXX object firmware/application/CMakeFiles/application.elf.dir/__/common/wm8731.cpp.obj
[ 22%] Linking CXX executable baseband_am_audio.elf
[ 22%] Building C object firmware/baseband/CMakeFiles/baseband_capture.elf.dir/__/chibios/os/hal/src/pwm.c.obj
Memory region         Used Size  Region Size  %age Used
           flash:       19176 B      32752 B     58.55%
             ram:       11356 B        96 KB     11.55%
         ram_usb:           0 B        32 KB      0.00%
[ 22%] Building C object firmware/baseband/CMakeFiles/baseband_capture.elf.dir/__/chibios/os/hal/src/rtc.c.obj
[ 22%] Built target baseband_am_audio.elf
[ 22%] Building CXX object firmware/application/CMakeFiles/application.elf.dir/__/common/i2cdevmanager.cpp.obj
[ 22%] Building C object firmware/baseband/CMakeFiles/baseband_capture.elf.dir/__/chibios/os/hal/src/sdc.c.obj
[ 22%] Building C object firmware/baseband/CMakeFiles/baseband_capture.elf.dir/__/chibios/os/hal/src/serial.c.obj
[ 22%] Building C object firmware/baseband/CMakeFiles/baseband_capture.elf.dir/__/chibios/os/hal/src/serial_usb.c.obj
[ 22%] Building C object firmware/baseband/CMakeFiles/baseband_capture.elf.dir/__/chibios/os/hal/src/spi.c.obj
[ 22%] Building C object firmware/baseband/CMakeFiles/baseband_capture.elf.dir/__/chibios/os/hal/src/tm.c.obj
[ 22%] Building C object firmware/baseband/CMakeFiles/baseband_capture.elf.dir/__/chibios/os/hal/src/uart.c.obj
[ 22%] Building C object firmware/baseband/CMakeFiles/baseband_capture.elf.dir/__/chibios/os/hal/src/usb.c.obj
[ 22%] Building C object firmware/baseband/CMakeFiles/baseband_capture.elf.dir/__/chibios-portapack/os/hal/platforms/LPC43xx_M4/hal_lld.c.obj
[ 22%] Building C object firmware/baseband/CMakeFiles/baseband_capture.elf.dir/__/chibios-portapack/os/hal/platforms/LPC43xx/gpt_lld.c.obj
[ 22%] Building C object firmware/baseband/CMakeFiles/baseband_capture.elf.dir/__/chibios-portapack/os/hal/platforms/LPC43xx/i2c_lld.c.obj
[ 23%] Building C object firmware/baseband/CMakeFiles/baseband_capture.elf.dir/__/chibios-portapack/os/hal/platforms/LPC43xx/pal_lld.c.obj
[ 23%] Building C object firmware/baseband/CMakeFiles/baseband_capture.elf.dir/__/chibios-portapack/os/hal/platforms/LPC43xx/rtc_lld.c.obj
[ 23%] Building C object firmware/baseband/CMakeFiles/baseband_capture.elf.dir/__/chibios-portapack/os/hal/platforms/LPC43xx/sdc_lld.c.obj
[ 23%] Building C object firmware/baseband/CMakeFiles/baseband_capture.elf.dir/__/chibios-portapack/os/hal/platforms/LPC43xx/serial_lld.c.obj
[ 23%] Building CXX object firmware/baseband/CMakeFiles/baseband_fskrx.elf.dir/proc_fsk_rx.cpp.obj
[ 23%] Building C object firmware/baseband/CMakeFiles/baseband_capture.elf.dir/__/chibios-portapack/os/hal/platforms/LPC43xx/spi_lld.c.obj
[ 23%] Building C object firmware/baseband/CMakeFiles/baseband_capture.elf.dir/__/chibios-portapack/os/hal/platforms/LPC43xx/lpc43xx.c.obj
[ 23%] Linking CXX executable baseband_capture.elf
Memory region         Used Size  Region Size  %age Used
           flash:       17680 B      32752 B     53.98%
             ram:       11380 B        96 KB     11.58%
         ram_usb:           0 B        32 KB      0.00%
[ 23%] Built target baseband_capture.elf
[ 23%] Building C object firmware/baseband/CMakeFiles/baseband_sonde.elf.dir/__/chibios/os/hal/src/hal.c.obj
[ 23%] Building C object firmware/baseband/CMakeFiles/baseband_fskrx.elf.dir/__/chibios/os/hal/src/hal.c.obj
[ 23%] Building C object firmware/baseband/CMakeFiles/baseband_sonde.elf.dir/__/chibios/os/hal/src/adc.c.obj
[ 23%] Building CXX object firmware/application/CMakeFiles/application.elf.dir/__/common/i2cdev_ads1110.cpp.obj
[ 23%] Building C object firmware/baseband/CMakeFiles/baseband_sonde.elf.dir/__/chibios/os/hal/src/can.c.obj
[ 23%] Building C object firmware/baseband/CMakeFiles/baseband_sonde.elf.dir/__/chibios/os/hal/src/ext.c.obj
[ 23%] Building C object firmware/baseband/CMakeFiles/baseband_sonde.elf.dir/__/chibios/os/hal/src/gpt.c.obj
[ 23%] Building C object firmware/baseband/CMakeFiles/baseband_sonde.elf.dir/__/chibios/os/hal/src/i2c.c.obj
[ 23%] Building C object firmware/baseband/CMakeFiles/baseband_sonde.elf.dir/__/chibios/os/hal/src/icu.c.obj
[ 23%] Building C object firmware/baseband/CMakeFiles/baseband_sonde.elf.dir/__/chibios/os/hal/src/mac.c.obj
[ 23%] Building C object firmware/baseband/CMakeFiles/baseband_sonde.elf.dir/__/chibios/os/hal/src/mmc_spi.c.obj
[ 23%] Building C object firmware/baseband/CMakeFiles/baseband_sonde.elf.dir/__/chibios/os/hal/src/mmcsd.c.obj
[ 23%] Building C object firmware/baseband/CMakeFiles/baseband_sonde.elf.dir/__/chibios/os/hal/src/pal.c.obj
[ 23%] Building C object firmware/baseband/CMakeFiles/baseband_sonde.elf.dir/__/chibios/os/hal/src/pwm.c.obj
[ 23%] Building C object firmware/baseband/CMakeFiles/baseband_sonde.elf.dir/__/chibios/os/hal/src/rtc.c.obj
[ 23%] Building C object firmware/baseband/CMakeFiles/baseband_sonde.elf.dir/__/chibios/os/hal/src/sdc.c.obj
[ 23%] Building CXX object firmware/baseband/CMakeFiles/baseband_fsktx.elf.dir/proc_fsk.cpp.obj
[ 23%] Building C object firmware/baseband/CMakeFiles/baseband_sonde.elf.dir/__/chibios/os/hal/src/serial.c.obj
[ 23%] Building C object firmware/baseband/CMakeFiles/baseband_sonde.elf.dir/__/chibios/os/hal/src/serial_usb.c.obj
[ 23%] Building C object firmware/baseband/CMakeFiles/baseband_sonde.elf.dir/__/chibios/os/hal/src/spi.c.obj
[ 23%] Building C object firmware/baseband/CMakeFiles/baseband_sonde.elf.dir/__/chibios/os/hal/src/tm.c.obj
[ 23%] Building C object firmware/baseband/CMakeFiles/baseband_sonde.elf.dir/__/chibios/os/hal/src/uart.c.obj
[ 23%] Building C object firmware/baseband/CMakeFiles/baseband_sonde.elf.dir/__/chibios/os/hal/src/usb.c.obj
[ 25%] Building C object firmware/baseband/CMakeFiles/baseband_sonde.elf.dir/__/chibios-portapack/os/hal/platforms/LPC43xx_M4/hal_lld.c.obj
[ 25%] Building C object firmware/baseband/CMakeFiles/baseband_sonde.elf.dir/__/chibios-portapack/os/hal/platforms/LPC43xx/gpt_lld.c.obj
[ 25%] Building C object firmware/baseband/CMakeFiles/baseband_sonde.elf.dir/__/chibios-portapack/os/hal/platforms/LPC43xx/i2c_lld.c.obj
[ 25%] Building C object firmware/baseband/CMakeFiles/baseband_sonde.elf.dir/__/chibios-portapack/os/hal/platforms/LPC43xx/pal_lld.c.obj
[ 25%] Building C object firmware/baseband/CMakeFiles/baseband_sonde.elf.dir/__/chibios-portapack/os/hal/platforms/LPC43xx/rtc_lld.c.obj
[ 25%] Building C object firmware/baseband/CMakeFiles/baseband_sonde.elf.dir/__/chibios-portapack/os/hal/platforms/LPC43xx/sdc_lld.c.obj
[ 25%] Building C object firmware/baseband/CMakeFiles/baseband_sonde.elf.dir/__/chibios-portapack/os/hal/platforms/LPC43xx/serial_lld.c.obj
[ 26%] Building C object firmware/baseband/CMakeFiles/baseband_fskrx.elf.dir/__/chibios/os/hal/src/adc.c.obj
[ 26%] Building C object firmware/baseband/CMakeFiles/baseband_sonde.elf.dir/__/chibios-portapack/os/hal/platforms/LPC43xx/spi_lld.c.obj
[ 26%] Building CXX object firmware/application/CMakeFiles/application.elf.dir/__/common/i2cdev_bh1750.cpp.obj
[ 26%] Building C object firmware/baseband/CMakeFiles/baseband_fskrx.elf.dir/__/chibios/os/hal/src/can.c.obj
[ 26%] Building C object firmware/baseband/CMakeFiles/baseband_sonde.elf.dir/__/chibios-portapack/os/hal/platforms/LPC43xx/lpc43xx.c.obj
[ 26%] Building C object firmware/baseband/CMakeFiles/baseband_fskrx.elf.dir/__/chibios/os/hal/src/ext.c.obj
[ 26%] Linking CXX executable baseband_sonde.elf
[ 26%] Building C object firmware/baseband/CMakeFiles/baseband_fskrx.elf.dir/__/chibios/os/hal/src/gpt.c.obj
Memory region         Used Size  Region Size  %age Used
           flash:       15568 B      32752 B     47.53%
             ram:       11380 B        96 KB     11.58%
         ram_usb:           0 B        32 KB      0.00%
[ 26%] Building C object firmware/baseband/CMakeFiles/baseband_fskrx.elf.dir/__/chibios/os/hal/src/i2c.c.obj
[ 26%] Built target baseband_sonde.elf
[ 26%] Building C object firmware/baseband/CMakeFiles/baseband_fskrx.elf.dir/__/chibios/os/hal/src/icu.c.obj
[ 26%] Building C object firmware/baseband/CMakeFiles/baseband_fskrx.elf.dir/__/chibios/os/hal/src/mac.c.obj
[ 26%] Building CXX object firmware/baseband/CMakeFiles/baseband_mic_tx.elf.dir/proc_mictx.cpp.obj
[ 26%] Building C object firmware/baseband/CMakeFiles/baseband_fskrx.elf.dir/__/chibios/os/hal/src/mmc_spi.c.obj
[ 26%] Building C object firmware/baseband/CMakeFiles/baseband_fskrx.elf.dir/__/chibios/os/hal/src/mmcsd.c.obj
[ 26%] Building C object firmware/baseband/CMakeFiles/baseband_fskrx.elf.dir/__/chibios/os/hal/src/pal.c.obj
[ 26%] Building C object firmware/baseband/CMakeFiles/baseband_fsktx.elf.dir/__/chibios/os/hal/src/hal.c.obj
[ 26%] Building C object firmware/baseband/CMakeFiles/baseband_fskrx.elf.dir/__/chibios/os/hal/src/pwm.c.obj
[ 26%] Building C object firmware/baseband/CMakeFiles/baseband_fsktx.elf.dir/__/chibios/os/hal/src/adc.c.obj
[ 26%] Building C object firmware/baseband/CMakeFiles/baseband_fskrx.elf.dir/__/chibios/os/hal/src/rtc.c.obj
[ 26%] Building C object firmware/baseband/CMakeFiles/baseband_fsktx.elf.dir/__/chibios/os/hal/src/can.c.obj
[ 26%] Building C object firmware/baseband/CMakeFiles/baseband_fskrx.elf.dir/__/chibios/os/hal/src/sdc.c.obj
[ 26%] Building C object firmware/baseband/CMakeFiles/baseband_fsktx.elf.dir/__/chibios/os/hal/src/ext.c.obj
[ 26%] Building C object firmware/baseband/CMakeFiles/baseband_fskrx.elf.dir/__/chibios/os/hal/src/serial.c.obj
[ 26%] Building C object firmware/baseband/CMakeFiles/baseband_fsktx.elf.dir/__/chibios/os/hal/src/gpt.c.obj
[ 26%] Building C object firmware/baseband/CMakeFiles/baseband_fsktx.elf.dir/__/chibios/os/hal/src/i2c.c.obj
[ 26%] Building C object firmware/baseband/CMakeFiles/baseband_fskrx.elf.dir/__/chibios/os/hal/src/serial_usb.c.obj
[ 26%] Building C object firmware/baseband/CMakeFiles/baseband_fskrx.elf.dir/__/chibios/os/hal/src/spi.c.obj
[ 26%] Building C object firmware/baseband/CMakeFiles/baseband_fsktx.elf.dir/__/chibios/os/hal/src/icu.c.obj
[ 26%] Building C object firmware/baseband/CMakeFiles/baseband_fskrx.elf.dir/__/chibios/os/hal/src/tm.c.obj
[ 26%] Building C object firmware/baseband/CMakeFiles/baseband_fsktx.elf.dir/__/chibios/os/hal/src/mac.c.obj
[ 26%] Building C object firmware/baseband/CMakeFiles/baseband_fskrx.elf.dir/__/chibios/os/hal/src/uart.c.obj
[ 26%] Building C object firmware/baseband/CMakeFiles/baseband_fsktx.elf.dir/__/chibios/os/hal/src/mmc_spi.c.obj
[ 26%] Building C object firmware/baseband/CMakeFiles/baseband_fskrx.elf.dir/__/chibios/os/hal/src/usb.c.obj
[ 26%] Building C object firmware/baseband/CMakeFiles/baseband_fsktx.elf.dir/__/chibios/os/hal/src/mmcsd.c.obj
[ 26%] Building C object firmware/baseband/CMakeFiles/baseband_fsktx.elf.dir/__/chibios/os/hal/src/pal.c.obj
[ 26%] Building C object firmware/baseband/CMakeFiles/baseband_fskrx.elf.dir/__/chibios-portapack/os/hal/platforms/LPC43xx_M4/hal_lld.c.obj
[ 26%] Building C object firmware/baseband/CMakeFiles/baseband_fsktx.elf.dir/__/chibios/os/hal/src/pwm.c.obj
[ 26%] Building C object firmware/baseband/CMakeFiles/baseband_fskrx.elf.dir/__/chibios-portapack/os/hal/platforms/LPC43xx/gpt_lld.c.obj
[ 26%] Building C object firmware/baseband/CMakeFiles/baseband_fsktx.elf.dir/__/chibios/os/hal/src/rtc.c.obj
[ 26%] Building C object firmware/baseband/CMakeFiles/baseband_fskrx.elf.dir/__/chibios-portapack/os/hal/platforms/LPC43xx/i2c_lld.c.obj
[ 26%] Building C object firmware/baseband/CMakeFiles/baseband_fsktx.elf.dir/__/chibios/os/hal/src/sdc.c.obj
[ 26%] Building C object firmware/baseband/CMakeFiles/baseband_fskrx.elf.dir/__/chibios-portapack/os/hal/platforms/LPC43xx/pal_lld.c.obj
[ 26%] Building C object firmware/baseband/CMakeFiles/baseband_fsktx.elf.dir/__/chibios/os/hal/src/serial.c.obj
[ 26%] Building C object firmware/baseband/CMakeFiles/baseband_fskrx.elf.dir/__/chibios-portapack/os/hal/platforms/LPC43xx/rtc_lld.c.obj
[ 26%] Building C object firmware/baseband/CMakeFiles/baseband_fsktx.elf.dir/__/chibios/os/hal/src/serial_usb.c.obj
[ 26%] Building C object firmware/baseband/CMakeFiles/baseband_fskrx.elf.dir/__/chibios-portapack/os/hal/platforms/LPC43xx/sdc_lld.c.obj
[ 26%] Building C object firmware/baseband/CMakeFiles/baseband_fsktx.elf.dir/__/chibios/os/hal/src/spi.c.obj
[ 26%] Building C object firmware/baseband/CMakeFiles/baseband_fskrx.elf.dir/__/chibios-portapack/os/hal/platforms/LPC43xx/serial_lld.c.obj
[ 26%] Building C object firmware/baseband/CMakeFiles/baseband_fsktx.elf.dir/__/chibios/os/hal/src/tm.c.obj
[ 26%] Building C object firmware/baseband/CMakeFiles/baseband_fskrx.elf.dir/__/chibios-portapack/os/hal/platforms/LPC43xx/spi_lld.c.obj
[ 26%] Building C object firmware/baseband/CMakeFiles/baseband_fsktx.elf.dir/__/chibios/os/hal/src/uart.c.obj
[ 26%] Building C object firmware/baseband/CMakeFiles/baseband_fskrx.elf.dir/__/chibios-portapack/os/hal/platforms/LPC43xx/lpc43xx.c.obj
[ 26%] Building C object firmware/baseband/CMakeFiles/baseband_fsktx.elf.dir/__/chibios/os/hal/src/usb.c.obj
[ 27%] Linking CXX executable baseband_fskrx.elf
[ 28%] Building CXX object firmware/application/CMakeFiles/application.elf.dir/__/common/i2cdev_bmx280.cpp.obj
[ 28%] Building C object firmware/baseband/CMakeFiles/baseband_fsktx.elf.dir/__/chibios-portapack/os/hal/platforms/LPC43xx_M4/hal_lld.c.obj
Memory region         Used Size  Region Size  %age Used
           flash:       20640 B      32752 B     63.02%
             ram:       10856 B        96 KB     11.04%
         ram_usb:           0 B        32 KB      0.00%
[ 28%] Building C object firmware/baseband/CMakeFiles/baseband_mic_tx.elf.dir/__/chibios/os/hal/src/hal.c.obj
[ 28%] Built target baseband_fskrx.elf
[ 28%] Building C object firmware/baseband/CMakeFiles/baseband_mic_tx.elf.dir/__/chibios/os/hal/src/adc.c.obj
[ 28%] Building C object firmware/baseband/CMakeFiles/baseband_fsktx.elf.dir/__/chibios-portapack/os/hal/platforms/LPC43xx/gpt_lld.c.obj
[ 28%] Building CXX object firmware/application/CMakeFiles/application.elf.dir/__/common/i2cdev_max17055.cpp.obj
[ 28%] Building C object firmware/baseband/CMakeFiles/baseband_mic_tx.elf.dir/__/chibios/os/hal/src/can.c.obj
[ 28%] Building C object firmware/baseband/CMakeFiles/baseband_fsktx.elf.dir/__/chibios-portapack/os/hal/platforms/LPC43xx/i2c_lld.c.obj
[ 28%] Building C object firmware/baseband/CMakeFiles/baseband_mic_tx.elf.dir/__/chibios/os/hal/src/ext.c.obj
[ 28%] Building C object firmware/baseband/CMakeFiles/baseband_fsktx.elf.dir/__/chibios-portapack/os/hal/platforms/LPC43xx/pal_lld.c.obj
[ 28%] Building C object firmware/baseband/CMakeFiles/baseband_mic_tx.elf.dir/__/chibios/os/hal/src/gpt.c.obj
[ 28%] Building C object firmware/baseband/CMakeFiles/baseband_fsktx.elf.dir/__/chibios-portapack/os/hal/platforms/LPC43xx/rtc_lld.c.obj
[ 28%] Building C object firmware/baseband/CMakeFiles/baseband_mic_tx.elf.dir/__/chibios/os/hal/src/i2c.c.obj
[ 28%] Building C object firmware/baseband/CMakeFiles/baseband_fsktx.elf.dir/__/chibios-portapack/os/hal/platforms/LPC43xx/sdc_lld.c.obj
[ 28%] Building C object firmware/baseband/CMakeFiles/baseband_mic_tx.elf.dir/__/chibios/os/hal/src/icu.c.obj
[ 29%] Building C object firmware/baseband/CMakeFiles/baseband_fsktx.elf.dir/__/chibios-portapack/os/hal/platforms/LPC43xx/serial_lld.c.obj
[ 29%] Building C object firmware/baseband/CMakeFiles/baseband_mic_tx.elf.dir/__/chibios/os/hal/src/mac.c.obj
[ 29%] Building C object firmware/baseband/CMakeFiles/baseband_fsktx.elf.dir/__/chibios-portapack/os/hal/platforms/LPC43xx/spi_lld.c.obj
[ 29%] Building C object firmware/baseband/CMakeFiles/baseband_mic_tx.elf.dir/__/chibios/os/hal/src/mmc_spi.c.obj
[ 29%] Building C object firmware/baseband/CMakeFiles/baseband_fsktx.elf.dir/__/chibios-portapack/os/hal/platforms/LPC43xx/lpc43xx.c.obj
[ 29%] Building C object firmware/baseband/CMakeFiles/baseband_mic_tx.elf.dir/__/chibios/os/hal/src/mmcsd.c.obj
[ 29%] Linking CXX executable baseband_fsktx.elf
[ 29%] Building C object firmware/baseband/CMakeFiles/baseband_mic_tx.elf.dir/__/chibios/os/hal/src/pal.c.obj
Memory region         Used Size  Region Size  %age Used
           flash:        9312 B      32752 B     28.43%
             ram:       10280 B        96 KB     10.46%
         ram_usb:           0 B        32 KB      0.00%
[ 29%] Built target baseband_fsktx.elf
[ 29%] Building C object firmware/baseband/CMakeFiles/baseband_mic_tx.elf.dir/__/chibios/os/hal/src/pwm.c.obj
[ 29%] Building CXX object firmware/application/CMakeFiles/application.elf.dir/__/common/i2cdev_ppmod.cpp.obj
[ 29%] Building C object firmware/baseband/CMakeFiles/baseband_mic_tx.elf.dir/__/chibios/os/hal/src/rtc.c.obj
[ 29%] Building C object firmware/baseband/CMakeFiles/baseband_mic_tx.elf.dir/__/chibios/os/hal/src/sdc.c.obj
[ 29%] Building C object firmware/baseband/CMakeFiles/baseband_mic_tx.elf.dir/__/chibios/os/hal/src/serial.c.obj
[ 29%] Building C object firmware/baseband/CMakeFiles/baseband_mic_tx.elf.dir/__/chibios/os/hal/src/serial_usb.c.obj
[ 29%] Building C object firmware/baseband/CMakeFiles/baseband_mic_tx.elf.dir/__/chibios/os/hal/src/spi.c.obj
[ 30%] Building C object firmware/baseband/CMakeFiles/baseband_mic_tx.elf.dir/__/chibios/os/hal/src/tm.c.obj
[ 30%] Building C object firmware/baseband/CMakeFiles/baseband_mic_tx.elf.dir/__/chibios/os/hal/src/uart.c.obj
[ 30%] Building C object firmware/baseband/CMakeFiles/baseband_mic_tx.elf.dir/__/chibios/os/hal/src/usb.c.obj
[ 30%] Building C object firmware/baseband/CMakeFiles/baseband_mic_tx.elf.dir/__/chibios-portapack/os/hal/platforms/LPC43xx_M4/hal_lld.c.obj
[ 30%] Building C object firmware/baseband/CMakeFiles/baseband_mic_tx.elf.dir/__/chibios-portapack/os/hal/platforms/LPC43xx/gpt_lld.c.obj
[ 30%] Building C object firmware/baseband/CMakeFiles/baseband_mic_tx.elf.dir/__/chibios-portapack/os/hal/platforms/LPC43xx/i2c_lld.c.obj
[ 30%] Building C object firmware/baseband/CMakeFiles/baseband_mic_tx.elf.dir/__/chibios-portapack/os/hal/platforms/LPC43xx/pal_lld.c.obj
[ 30%] Building C object firmware/baseband/CMakeFiles/baseband_mic_tx.elf.dir/__/chibios-portapack/os/hal/platforms/LPC43xx/rtc_lld.c.obj
[ 30%] Building CXX object firmware/baseband/CMakeFiles/baseband_nfm_audio.elf.dir/proc_nfm_audio.cpp.obj
[ 30%] Building C object firmware/baseband/CMakeFiles/baseband_mic_tx.elf.dir/__/chibios-portapack/os/hal/platforms/LPC43xx/sdc_lld.c.obj
[ 30%] Building C object firmware/baseband/CMakeFiles/baseband_mic_tx.elf.dir/__/chibios-portapack/os/hal/platforms/LPC43xx/serial_lld.c.obj
[ 30%] Building C object firmware/baseband/CMakeFiles/baseband_mic_tx.elf.dir/__/chibios-portapack/os/hal/platforms/LPC43xx/spi_lld.c.obj
[ 30%] Building C object firmware/baseband/CMakeFiles/baseband_mic_tx.elf.dir/__/chibios-portapack/os/hal/platforms/LPC43xx/lpc43xx.c.obj
[ 30%] Building CXX object firmware/baseband/CMakeFiles/baseband_ook.elf.dir/proc_ook.cpp.obj
[ 30%] Linking CXX executable baseband_mic_tx.elf
Memory region         Used Size  Region Size  %age Used
           flash:       13504 B      32752 B     41.23%
             ram:       10860 B        96 KB     11.05%
         ram_usb:           0 B        32 KB      0.00%
[ 30%] Built target baseband_mic_tx.elf
[ 30%] Building C object firmware/baseband/CMakeFiles/baseband_nfm_audio.elf.dir/__/chibios/os/hal/src/hal.c.obj
[ 30%] Building CXX object firmware/application/CMakeFiles/application.elf.dir/__/common/i2cdev_sht3x.cpp.obj
[ 31%] Building C object firmware/baseband/CMakeFiles/baseband_ook.elf.dir/__/chibios/os/hal/src/hal.c.obj
[ 31%] Building CXX object firmware/application/CMakeFiles/application.elf.dir/__/common/i2cdev_sht4x.cpp.obj
[ 31%] Building C object firmware/baseband/CMakeFiles/baseband_nfm_audio.elf.dir/__/chibios/os/hal/src/adc.c.obj
[ 31%] Building C object firmware/baseband/CMakeFiles/baseband_ook.elf.dir/__/chibios/os/hal/src/adc.c.obj
[ 31%] Building C object firmware/baseband/CMakeFiles/baseband_nfm_audio.elf.dir/__/chibios/os/hal/src/can.c.obj
[ 31%] Building C object firmware/baseband/CMakeFiles/baseband_ook.elf.dir/__/chibios/os/hal/src/can.c.obj
[ 31%] Building C object firmware/baseband/CMakeFiles/baseband_nfm_audio.elf.dir/__/chibios/os/hal/src/ext.c.obj
[ 31%] Building C object firmware/baseband/CMakeFiles/baseband_ook.elf.dir/__/chibios/os/hal/src/ext.c.obj
[ 31%] Building C object firmware/baseband/CMakeFiles/baseband_nfm_audio.elf.dir/__/chibios/os/hal/src/gpt.c.obj
[ 31%] Building C object firmware/baseband/CMakeFiles/baseband_ook.elf.dir/__/chibios/os/hal/src/gpt.c.obj
[ 31%] Building C object firmware/baseband/CMakeFiles/baseband_nfm_audio.elf.dir/__/chibios/os/hal/src/i2c.c.obj
[ 31%] Building C object firmware/baseband/CMakeFiles/baseband_ook.elf.dir/__/chibios/os/hal/src/i2c.c.obj
[ 31%] Building C object firmware/baseband/CMakeFiles/baseband_nfm_audio.elf.dir/__/chibios/os/hal/src/icu.c.obj
[ 31%] Building C object firmware/baseband/CMakeFiles/baseband_ook.elf.dir/__/chibios/os/hal/src/icu.c.obj
[ 31%] Building CXX object firmware/baseband/CMakeFiles/baseband_pocsag2.elf.dir/proc_pocsag2.cpp.obj
[ 31%] Building C object firmware/baseband/CMakeFiles/baseband_nfm_audio.elf.dir/__/chibios/os/hal/src/mac.c.obj
[ 31%] Building C object firmware/baseband/CMakeFiles/baseband_ook.elf.dir/__/chibios/os/hal/src/mac.c.obj
[ 31%] Building C object firmware/baseband/CMakeFiles/baseband_nfm_audio.elf.dir/__/chibios/os/hal/src/mmc_spi.c.obj
[ 31%] Building C object firmware/baseband/CMakeFiles/baseband_ook.elf.dir/__/chibios/os/hal/src/mmc_spi.c.obj
[ 32%] Building C object firmware/baseband/CMakeFiles/baseband_nfm_audio.elf.dir/__/chibios/os/hal/src/mmcsd.c.obj
[ 32%] Building C object firmware/baseband/CMakeFiles/baseband_ook.elf.dir/__/chibios/os/hal/src/mmcsd.c.obj
[ 32%] Building C object firmware/baseband/CMakeFiles/baseband_nfm_audio.elf.dir/__/chibios/os/hal/src/pal.c.obj
[ 32%] Building C object firmware/baseband/CMakeFiles/baseband_ook.elf.dir/__/chibios/os/hal/src/pal.c.obj
[ 32%] Building C object firmware/baseband/CMakeFiles/baseband_nfm_audio.elf.dir/__/chibios/os/hal/src/pwm.c.obj
[ 32%] Building C object firmware/baseband/CMakeFiles/baseband_ook.elf.dir/__/chibios/os/hal/src/pwm.c.obj
[ 32%] Building C object firmware/baseband/CMakeFiles/baseband_nfm_audio.elf.dir/__/chibios/os/hal/src/rtc.c.obj
[ 32%] Building C object firmware/baseband/CMakeFiles/baseband_ook.elf.dir/__/chibios/os/hal/src/rtc.c.obj
[ 32%] Building C object firmware/baseband/CMakeFiles/baseband_nfm_audio.elf.dir/__/chibios/os/hal/src/sdc.c.obj
[ 32%] Building C object firmware/baseband/CMakeFiles/baseband_ook.elf.dir/__/chibios/os/hal/src/sdc.c.obj
[ 32%] Building C object firmware/baseband/CMakeFiles/baseband_nfm_audio.elf.dir/__/chibios/os/hal/src/serial.c.obj
[ 32%] Building C object firmware/baseband/CMakeFiles/baseband_ook.elf.dir/__/chibios/os/hal/src/serial.c.obj
[ 32%] Building C object firmware/baseband/CMakeFiles/baseband_nfm_audio.elf.dir/__/chibios/os/hal/src/serial_usb.c.obj
[ 32%] Building CXX object firmware/application/CMakeFiles/application.elf.dir/__/common/battery.cpp.obj
[ 32%] Building C object firmware/baseband/CMakeFiles/baseband_ook.elf.dir/__/chibios/os/hal/src/serial_usb.c.obj
[ 32%] Building C object firmware/baseband/CMakeFiles/baseband_nfm_audio.elf.dir/__/chibios/os/hal/src/spi.c.obj
[ 32%] Building C object firmware/baseband/CMakeFiles/baseband_ook.elf.dir/__/chibios/os/hal/src/spi.c.obj
[ 32%] Building C object firmware/baseband/CMakeFiles/baseband_nfm_audio.elf.dir/__/chibios/os/hal/src/tm.c.obj
[ 32%] Building C object firmware/baseband/CMakeFiles/baseband_ook.elf.dir/__/chibios/os/hal/src/tm.c.obj
[ 32%] Building C object firmware/baseband/CMakeFiles/baseband_nfm_audio.elf.dir/__/chibios/os/hal/src/uart.c.obj
[ 32%] Building C object firmware/baseband/CMakeFiles/baseband_ook.elf.dir/__/chibios/os/hal/src/uart.c.obj
[ 32%] Building C object firmware/baseband/CMakeFiles/baseband_nfm_audio.elf.dir/__/chibios/os/hal/src/usb.c.obj
[ 32%] Building C object firmware/baseband/CMakeFiles/baseband_ook.elf.dir/__/chibios/os/hal/src/usb.c.obj
[ 32%] Building C object firmware/baseband/CMakeFiles/baseband_nfm_audio.elf.dir/__/chibios-portapack/os/hal/platforms/LPC43xx_M4/hal_lld.c.obj
[ 32%] Building C object firmware/baseband/CMakeFiles/baseband_ook.elf.dir/__/chibios-portapack/os/hal/platforms/LPC43xx_M4/hal_lld.c.obj
[ 32%] Building C object firmware/baseband/CMakeFiles/baseband_nfm_audio.elf.dir/__/chibios-portapack/os/hal/platforms/LPC43xx/gpt_lld.c.obj
[ 32%] Building C object firmware/baseband/CMakeFiles/baseband_ook.elf.dir/__/chibios-portapack/os/hal/platforms/LPC43xx/gpt_lld.c.obj
[ 32%] Building C object firmware/baseband/CMakeFiles/baseband_nfm_audio.elf.dir/__/chibios-portapack/os/hal/platforms/LPC43xx/i2c_lld.c.obj
[ 32%] Building C object firmware/baseband/CMakeFiles/baseband_nfm_audio.elf.dir/__/chibios-portapack/os/hal/platforms/LPC43xx/pal_lld.c.obj
[ 32%] Building C object firmware/baseband/CMakeFiles/baseband_ook.elf.dir/__/chibios-portapack/os/hal/platforms/LPC43xx/i2c_lld.c.obj
[ 32%] Building C object firmware/baseband/CMakeFiles/baseband_nfm_audio.elf.dir/__/chibios-portapack/os/hal/platforms/LPC43xx/rtc_lld.c.obj
[ 32%] Building C object firmware/baseband/CMakeFiles/baseband_ook.elf.dir/__/chibios-portapack/os/hal/platforms/LPC43xx/pal_lld.c.obj
[ 32%] Building C object firmware/baseband/CMakeFiles/baseband_nfm_audio.elf.dir/__/chibios-portapack/os/hal/platforms/LPC43xx/sdc_lld.c.obj
[ 32%] Building C object firmware/baseband/CMakeFiles/baseband_ook.elf.dir/__/chibios-portapack/os/hal/platforms/LPC43xx/rtc_lld.c.obj
[ 32%] Building C object firmware/baseband/CMakeFiles/baseband_nfm_audio.elf.dir/__/chibios-portapack/os/hal/platforms/LPC43xx/serial_lld.c.obj
[ 32%] Building C object firmware/baseband/CMakeFiles/baseband_ook.elf.dir/__/chibios-portapack/os/hal/platforms/LPC43xx/sdc_lld.c.obj
[ 32%] Building C object firmware/baseband/CMakeFiles/baseband_nfm_audio.elf.dir/__/chibios-portapack/os/hal/platforms/LPC43xx/spi_lld.c.obj
[ 32%] Building C object firmware/baseband/CMakeFiles/baseband_ook.elf.dir/__/chibios-portapack/os/hal/platforms/LPC43xx/serial_lld.c.obj
[ 32%] Building C object firmware/baseband/CMakeFiles/baseband_nfm_audio.elf.dir/__/chibios-portapack/os/hal/platforms/LPC43xx/lpc43xx.c.obj
[ 32%] Building C object firmware/baseband/CMakeFiles/baseband_ook.elf.dir/__/chibios-portapack/os/hal/platforms/LPC43xx/spi_lld.c.obj
[ 33%] Building C object firmware/baseband/CMakeFiles/baseband_ook.elf.dir/__/chibios-portapack/os/hal/platforms/LPC43xx/lpc43xx.c.obj
[ 33%] Linking CXX executable baseband_nfm_audio.elf
[ 33%] Linking CXX executable baseband_ook.elf
Memory region         Used Size  Region Size  %age Used
           flash:       19664 B      32752 B     60.04%
             ram:       11356 B        96 KB     11.55%
         ram_usb:           0 B        32 KB      0.00%
[ 33%] Built target baseband_nfm_audio.elf
[ 33%] Building CXX object firmware/application/CMakeFiles/application.elf.dir/__/common/performance_counter.cpp.obj
Memory region         Used Size  Region Size  %age Used
           flash:       10344 B      32752 B     31.58%
             ram:       10280 B        96 KB     10.46%
         ram_usb:           0 B        32 KB      0.00%
[ 33%] Built target baseband_ook.elf
[ 33%] Building CXX object firmware/baseband/CMakeFiles/baseband_rds.elf.dir/proc_rds.cpp.obj
[ 33%] Building CXX object firmware/baseband/CMakeFiles/baseband_replay.elf.dir/proc_replay.cpp.obj
[ 33%] Building C object firmware/baseband/CMakeFiles/baseband_pocsag2.elf.dir/__/chibios/os/hal/src/hal.c.obj
[ 33%] Building CXX object firmware/application/CMakeFiles/application.elf.dir/__/common/bmpfile.cpp.obj
[ 33%] Building C object firmware/baseband/CMakeFiles/baseband_pocsag2.elf.dir/__/chibios/os/hal/src/adc.c.obj
[ 33%] Building C object firmware/baseband/CMakeFiles/baseband_pocsag2.elf.dir/__/chibios/os/hal/src/can.c.obj
[ 33%] Building C object firmware/baseband/CMakeFiles/baseband_pocsag2.elf.dir/__/chibios/os/hal/src/ext.c.obj
[ 33%] Building C object firmware/baseband/CMakeFiles/baseband_pocsag2.elf.dir/__/chibios/os/hal/src/gpt.c.obj
[ 33%] Building C object firmware/baseband/CMakeFiles/baseband_pocsag2.elf.dir/__/chibios/os/hal/src/i2c.c.obj
[ 33%] Building C object firmware/baseband/CMakeFiles/baseband_pocsag2.elf.dir/__/chibios/os/hal/src/icu.c.obj
[ 33%] Building C object firmware/baseband/CMakeFiles/baseband_pocsag2.elf.dir/__/chibios/os/hal/src/mac.c.obj
[ 33%] Building C object firmware/baseband/CMakeFiles/baseband_pocsag2.elf.dir/__/chibios/os/hal/src/mmc_spi.c.obj
[ 33%] Building C object firmware/baseband/CMakeFiles/baseband_pocsag2.elf.dir/__/chibios/os/hal/src/mmcsd.c.obj
[ 33%] Building C object firmware/baseband/CMakeFiles/baseband_pocsag2.elf.dir/__/chibios/os/hal/src/pal.c.obj
[ 33%] Building C object firmware/baseband/CMakeFiles/baseband_pocsag2.elf.dir/__/chibios/os/hal/src/pwm.c.obj
[ 33%] Building C object firmware/baseband/CMakeFiles/baseband_pocsag2.elf.dir/__/chibios/os/hal/src/rtc.c.obj
[ 33%] Building C object firmware/baseband/CMakeFiles/baseband_pocsag2.elf.dir/__/chibios/os/hal/src/sdc.c.obj
[ 33%] Building C object firmware/baseband/CMakeFiles/baseband_rds.elf.dir/__/chibios/os/hal/src/hal.c.obj
[ 33%] Building CXX object firmware/application/CMakeFiles/application.elf.dir/__/common/gpio.cpp.obj
[ 33%] Building C object firmware/baseband/CMakeFiles/baseband_pocsag2.elf.dir/__/chibios/os/hal/src/serial.c.obj
[ 33%] Building C object firmware/baseband/CMakeFiles/baseband_rds.elf.dir/__/chibios/os/hal/src/adc.c.obj
[ 33%] Building C object firmware/baseband/CMakeFiles/baseband_pocsag2.elf.dir/__/chibios/os/hal/src/serial_usb.c.obj
[ 33%] Building C object firmware/baseband/CMakeFiles/baseband_rds.elf.dir/__/chibios/os/hal/src/can.c.obj
[ 33%] Building C object firmware/baseband/CMakeFiles/baseband_pocsag2.elf.dir/__/chibios/os/hal/src/spi.c.obj
[ 33%] Building CXX object firmware/application/CMakeFiles/application.elf.dir/app_settings.cpp.obj
[ 33%] Building C object firmware/baseband/CMakeFiles/baseband_rds.elf.dir/__/chibios/os/hal/src/ext.c.obj
[ 33%] Building C object firmware/baseband/CMakeFiles/baseband_pocsag2.elf.dir/__/chibios/os/hal/src/tm.c.obj
[ 33%] Building C object firmware/baseband/CMakeFiles/baseband_replay.elf.dir/__/chibios/os/hal/src/hal.c.obj
[ 33%] Building C object firmware/baseband/CMakeFiles/baseband_rds.elf.dir/__/chibios/os/hal/src/gpt.c.obj
[ 33%] Building C object firmware/baseband/CMakeFiles/baseband_pocsag2.elf.dir/__/chibios/os/hal/src/uart.c.obj
[ 33%] Building C object firmware/baseband/CMakeFiles/baseband_rds.elf.dir/__/chibios/os/hal/src/i2c.c.obj
[ 33%] Building C object firmware/baseband/CMakeFiles/baseband_replay.elf.dir/__/chibios/os/hal/src/adc.c.obj
[ 33%] Building C object firmware/baseband/CMakeFiles/baseband_pocsag2.elf.dir/__/chibios/os/hal/src/usb.c.obj
[ 33%] Building C object firmware/baseband/CMakeFiles/baseband_rds.elf.dir/__/chibios/os/hal/src/icu.c.obj
[ 33%] Building C object firmware/baseband/CMakeFiles/baseband_replay.elf.dir/__/chibios/os/hal/src/can.c.obj
[ 33%] Building C object firmware/baseband/CMakeFiles/baseband_pocsag2.elf.dir/__/chibios-portapack/os/hal/platforms/LPC43xx_M4/hal_lld.c.obj
[ 33%] Building C object firmware/baseband/CMakeFiles/baseband_rds.elf.dir/__/chibios/os/hal/src/mac.c.obj
[ 33%] Building C object firmware/baseband/CMakeFiles/baseband_replay.elf.dir/__/chibios/os/hal/src/ext.c.obj
[ 33%] Building C object firmware/baseband/CMakeFiles/baseband_pocsag2.elf.dir/__/chibios-portapack/os/hal/platforms/LPC43xx/gpt_lld.c.obj
[ 33%] Building C object firmware/baseband/CMakeFiles/baseband_replay.elf.dir/__/chibios/os/hal/src/gpt.c.obj
[ 33%] Building C object firmware/baseband/CMakeFiles/baseband_rds.elf.dir/__/chibios/os/hal/src/mmc_spi.c.obj
[ 34%] Building C object firmware/baseband/CMakeFiles/baseband_pocsag2.elf.dir/__/chibios-portapack/os/hal/platforms/LPC43xx/i2c_lld.c.obj
[ 34%] Building C object firmware/baseband/CMakeFiles/baseband_replay.elf.dir/__/chibios/os/hal/src/i2c.c.obj
[ 34%] Building C object firmware/baseband/CMakeFiles/baseband_rds.elf.dir/__/chibios/os/hal/src/mmcsd.c.obj
[ 34%] Building C object firmware/baseband/CMakeFiles/baseband_pocsag2.elf.dir/__/chibios-portapack/os/hal/platforms/LPC43xx/pal_lld.c.obj
[ 34%] Building C object firmware/baseband/CMakeFiles/baseband_replay.elf.dir/__/chibios/os/hal/src/icu.c.obj
[ 34%] Building C object firmware/baseband/CMakeFiles/baseband_rds.elf.dir/__/chibios/os/hal/src/pal.c.obj
[ 34%] Building C object firmware/baseband/CMakeFiles/baseband_pocsag2.elf.dir/__/chibios-portapack/os/hal/platforms/LPC43xx/rtc_lld.c.obj
[ 34%] Building C object firmware/baseband/CMakeFiles/baseband_replay.elf.dir/__/chibios/os/hal/src/mac.c.obj
[ 34%] Building C object firmware/baseband/CMakeFiles/baseband_rds.elf.dir/__/chibios/os/hal/src/pwm.c.obj
[ 34%] Building C object firmware/baseband/CMakeFiles/baseband_pocsag2.elf.dir/__/chibios-portapack/os/hal/platforms/LPC43xx/sdc_lld.c.obj
[ 34%] Building C object firmware/baseband/CMakeFiles/baseband_replay.elf.dir/__/chibios/os/hal/src/mmc_spi.c.obj
[ 34%] Building C object firmware/baseband/CMakeFiles/baseband_rds.elf.dir/__/chibios/os/hal/src/rtc.c.obj
[ 34%] Building C object firmware/baseband/CMakeFiles/baseband_pocsag2.elf.dir/__/chibios-portapack/os/hal/platforms/LPC43xx/serial_lld.c.obj
[ 34%] Building C object firmware/baseband/CMakeFiles/baseband_replay.elf.dir/__/chibios/os/hal/src/mmcsd.c.obj
[ 34%] Building C object firmware/baseband/CMakeFiles/baseband_rds.elf.dir/__/chibios/os/hal/src/sdc.c.obj
[ 34%] Building C object firmware/baseband/CMakeFiles/baseband_pocsag2.elf.dir/__/chibios-portapack/os/hal/platforms/LPC43xx/spi_lld.c.obj
[ 34%] Building C object firmware/baseband/CMakeFiles/baseband_replay.elf.dir/__/chibios/os/hal/src/pal.c.obj
[ 34%] Building C object firmware/baseband/CMakeFiles/baseband_rds.elf.dir/__/chibios/os/hal/src/serial.c.obj
[ 34%] Building C object firmware/baseband/CMakeFiles/baseband_pocsag2.elf.dir/__/chibios-portapack/os/hal/platforms/LPC43xx/lpc43xx.c.obj
[ 34%] Building C object firmware/baseband/CMakeFiles/baseband_replay.elf.dir/__/chibios/os/hal/src/pwm.c.obj
[ 34%] Building C object firmware/baseband/CMakeFiles/baseband_rds.elf.dir/__/chibios/os/hal/src/serial_usb.c.obj
[ 34%] Linking CXX executable baseband_pocsag2.elf
[ 34%] Building C object firmware/baseband/CMakeFiles/baseband_rds.elf.dir/__/chibios/os/hal/src/spi.c.obj
[ 34%] Building C object firmware/baseband/CMakeFiles/baseband_replay.elf.dir/__/chibios/os/hal/src/rtc.c.obj
Memory region         Used Size  Region Size  %age Used
           flash:       19824 B      32752 B     60.53%
             ram:       11380 B        96 KB     11.58%
         ram_usb:           0 B        32 KB      0.00%
[ 35%] Building C object firmware/baseband/CMakeFiles/baseband_rds.elf.dir/__/chibios/os/hal/src/tm.c.obj
[ 35%] Building C object firmware/baseband/CMakeFiles/baseband_replay.elf.dir/__/chibios/os/hal/src/sdc.c.obj
[ 35%] Built target baseband_pocsag2.elf
[ 35%] Building CXX object firmware/application/CMakeFiles/application.elf.dir/audio.cpp.obj
[ 36%] Building C object firmware/baseband/CMakeFiles/baseband_replay.elf.dir/__/chibios/os/hal/src/serial.c.obj
[ 36%] Building C object firmware/baseband/CMakeFiles/baseband_rds.elf.dir/__/chibios/os/hal/src/uart.c.obj
[ 36%] Building C object firmware/baseband/CMakeFiles/baseband_replay.elf.dir/__/chibios/os/hal/src/serial_usb.c.obj
[ 36%] Building C object firmware/baseband/CMakeFiles/baseband_rds.elf.dir/__/chibios/os/hal/src/usb.c.obj
[ 36%] Building C object firmware/baseband/CMakeFiles/baseband_replay.elf.dir/__/chibios/os/hal/src/spi.c.obj
[ 36%] Building C object firmware/baseband/CMakeFiles/baseband_rds.elf.dir/__/chibios-portapack/os/hal/platforms/LPC43xx_M4/hal_lld.c.obj
[ 36%] Building C object firmware/baseband/CMakeFiles/baseband_replay.elf.dir/__/chibios/os/hal/src/tm.c.obj
[ 36%] Building C object firmware/baseband/CMakeFiles/baseband_rds.elf.dir/__/chibios-portapack/os/hal/platforms/LPC43xx/gpt_lld.c.obj
[ 36%] Building C object firmware/baseband/CMakeFiles/baseband_replay.elf.dir/__/chibios/os/hal/src/uart.c.obj
[ 36%] Building C object firmware/baseband/CMakeFiles/baseband_rds.elf.dir/__/chibios-portapack/os/hal/platforms/LPC43xx/i2c_lld.c.obj
[ 36%] Building C object firmware/baseband/CMakeFiles/baseband_replay.elf.dir/__/chibios/os/hal/src/usb.c.obj
[ 36%] Building C object firmware/baseband/CMakeFiles/baseband_rds.elf.dir/__/chibios-portapack/os/hal/platforms/LPC43xx/pal_lld.c.obj
[ 36%] Building C object firmware/baseband/CMakeFiles/baseband_replay.elf.dir/__/chibios-portapack/os/hal/platforms/LPC43xx_M4/hal_lld.c.obj
[ 36%] Building C object firmware/baseband/CMakeFiles/baseband_rds.elf.dir/__/chibios-portapack/os/hal/platforms/LPC43xx/rtc_lld.c.obj
[ 36%] Building C object firmware/baseband/CMakeFiles/baseband_rds.elf.dir/__/chibios-portapack/os/hal/platforms/LPC43xx/sdc_lld.c.obj
[ 36%] Building C object firmware/baseband/CMakeFiles/baseband_replay.elf.dir/__/chibios-portapack/os/hal/platforms/LPC43xx/gpt_lld.c.obj
[ 36%] Building C object firmware/baseband/CMakeFiles/baseband_rds.elf.dir/__/chibios-portapack/os/hal/platforms/LPC43xx/serial_lld.c.obj
[ 36%] Building C object firmware/baseband/CMakeFiles/baseband_replay.elf.dir/__/chibios-portapack/os/hal/platforms/LPC43xx/i2c_lld.c.obj
[ 36%] Building C object firmware/baseband/CMakeFiles/baseband_rds.elf.dir/__/chibios-portapack/os/hal/platforms/LPC43xx/spi_lld.c.obj
[ 36%] Building C object firmware/baseband/CMakeFiles/baseband_replay.elf.dir/__/chibios-portapack/os/hal/platforms/LPC43xx/pal_lld.c.obj
[ 36%] Building C object firmware/baseband/CMakeFiles/baseband_rds.elf.dir/__/chibios-portapack/os/hal/platforms/LPC43xx/lpc43xx.c.obj
[ 36%] Building C object firmware/baseband/CMakeFiles/baseband_replay.elf.dir/__/chibios-portapack/os/hal/platforms/LPC43xx/rtc_lld.c.obj
[ 36%] Building C object firmware/baseband/CMakeFiles/baseband_replay.elf.dir/__/chibios-portapack/os/hal/platforms/LPC43xx/sdc_lld.c.obj
[ 36%] Linking CXX executable baseband_rds.elf
[ 36%] Building C object firmware/baseband/CMakeFiles/baseband_replay.elf.dir/__/chibios-portapack/os/hal/platforms/LPC43xx/serial_lld.c.obj
Memory region         Used Size  Region Size  %age Used
           flash:       11512 B      32752 B     35.15%
             ram:       10280 B        96 KB     10.46%
         ram_usb:           0 B        32 KB      0.00%
[ 36%] Built target baseband_rds.elf
[ 36%] Building C object firmware/baseband/CMakeFiles/baseband_replay.elf.dir/__/chibios-portapack/os/hal/platforms/LPC43xx/spi_lld.c.obj
[ 36%] Building CXX object firmware/baseband/CMakeFiles/baseband_wideband_spectrum.elf.dir/proc_wideband_spectrum.cpp.obj
[ 36%] Building C object firmware/baseband/CMakeFiles/baseband_replay.elf.dir/__/chibios-portapack/os/hal/platforms/LPC43xx/lpc43xx.c.obj
[ 36%] Building C object firmware/baseband/CMakeFiles/baseband_wideband_spectrum.elf.dir/__/chibios/os/hal/src/hal.c.obj
[ 36%] Building CXX object firmware/application/CMakeFiles/application.elf.dir/baseband_api.cpp.obj
[ 36%] Linking CXX executable baseband_replay.elf
Memory region         Used Size  Region Size  %age Used
           flash:       11608 B      32752 B     35.44%
             ram:       10280 B        96 KB     10.46%
         ram_usb:           0 B        32 KB      0.00%
[ 36%] Built target baseband_replay.elf
[ 36%] Building C object firmware/baseband/CMakeFiles/baseband_wideband_spectrum.elf.dir/__/chibios/os/hal/src/adc.c.obj
[ 36%] Building CXX object firmware/application/CMakeFiles/application.elf.dir/capture_thread.cpp.obj
[ 38%] Building CXX object firmware/baseband/CMakeFiles/baseband_wfm_audio.elf.dir/proc_wfm_audio.cpp.obj
[ 38%] Building C object firmware/baseband/CMakeFiles/baseband_wideband_spectrum.elf.dir/__/chibios/os/hal/src/can.c.obj
[ 38%] Building C object firmware/baseband/CMakeFiles/baseband_wideband_spectrum.elf.dir/__/chibios/os/hal/src/ext.c.obj
[ 38%] Building C object firmware/baseband/CMakeFiles/baseband_wideband_spectrum.elf.dir/__/chibios/os/hal/src/gpt.c.obj
[ 38%] Building C object firmware/baseband/CMakeFiles/baseband_wideband_spectrum.elf.dir/__/chibios/os/hal/src/i2c.c.obj
[ 38%] Building C object firmware/baseband/CMakeFiles/baseband_wideband_spectrum.elf.dir/__/chibios/os/hal/src/icu.c.obj
[ 38%] Building CXX object firmware/baseband/CMakeFiles/baseband_subghzd.elf.dir/proc_subghzd.cpp.obj
[ 38%] Building C object firmware/baseband/CMakeFiles/baseband_wideband_spectrum.elf.dir/__/chibios/os/hal/src/mac.c.obj
[ 38%] Building C object firmware/baseband/CMakeFiles/baseband_wideband_spectrum.elf.dir/__/chibios/os/hal/src/mmc_spi.c.obj
[ 38%] Building C object firmware/baseband/CMakeFiles/baseband_wideband_spectrum.elf.dir/__/chibios/os/hal/src/mmcsd.c.obj
[ 38%] Building C object firmware/baseband/CMakeFiles/baseband_wideband_spectrum.elf.dir/__/chibios/os/hal/src/pal.c.obj
[ 38%] Building CXX object firmware/application/CMakeFiles/application.elf.dir/clock_manager.cpp.obj
[ 38%] Building C object firmware/baseband/CMakeFiles/baseband_wideband_spectrum.elf.dir/__/chibios/os/hal/src/pwm.c.obj
[ 38%] Building C object firmware/baseband/CMakeFiles/baseband_wideband_spectrum.elf.dir/__/chibios/os/hal/src/rtc.c.obj
[ 38%] Building C object firmware/baseband/CMakeFiles/baseband_wideband_spectrum.elf.dir/__/chibios/os/hal/src/sdc.c.obj
[ 38%] Building C object firmware/baseband/CMakeFiles/baseband_wideband_spectrum.elf.dir/__/chibios/os/hal/src/serial.c.obj
[ 38%] Building C object firmware/baseband/CMakeFiles/baseband_wideband_spectrum.elf.dir/__/chibios/os/hal/src/serial_usb.c.obj
[ 38%] Building C object firmware/baseband/CMakeFiles/baseband_wideband_spectrum.elf.dir/__/chibios/os/hal/src/spi.c.obj
[ 38%] Building C object firmware/baseband/CMakeFiles/baseband_wideband_spectrum.elf.dir/__/chibios/os/hal/src/tm.c.obj
[ 38%] Building C object firmware/baseband/CMakeFiles/baseband_wideband_spectrum.elf.dir/__/chibios/os/hal/src/uart.c.obj
[ 38%] Building C object firmware/baseband/CMakeFiles/baseband_wfm_audio.elf.dir/__/chibios/os/hal/src/hal.c.obj
[ 38%] Building C object firmware/baseband/CMakeFiles/baseband_wideband_spectrum.elf.dir/__/chibios/os/hal/src/usb.c.obj
[ 38%] Building C object firmware/baseband/CMakeFiles/baseband_wfm_audio.elf.dir/__/chibios/os/hal/src/adc.c.obj
[ 38%] Building C object firmware/baseband/CMakeFiles/baseband_wideband_spectrum.elf.dir/__/chibios-portapack/os/hal/platforms/LPC43xx_M4/hal_lld.c.obj
[ 38%] Building C object firmware/baseband/CMakeFiles/baseband_wfm_audio.elf.dir/__/chibios/os/hal/src/can.c.obj
[ 38%] Building C object firmware/baseband/CMakeFiles/baseband_wfm_audio.elf.dir/__/chibios/os/hal/src/ext.c.obj
[ 38%] Building C object firmware/baseband/CMakeFiles/baseband_wideband_spectrum.elf.dir/__/chibios-portapack/os/hal/platforms/LPC43xx/gpt_lld.c.obj
[ 38%] Building C object firmware/baseband/CMakeFiles/baseband_wfm_audio.elf.dir/__/chibios/os/hal/src/gpt.c.obj
[ 38%] Building C object firmware/baseband/CMakeFiles/baseband_wideband_spectrum.elf.dir/__/chibios-portapack/os/hal/platforms/LPC43xx/i2c_lld.c.obj
[ 38%] Building C object firmware/baseband/CMakeFiles/baseband_wfm_audio.elf.dir/__/chibios/os/hal/src/i2c.c.obj
[ 38%] Building C object firmware/baseband/CMakeFiles/baseband_wideband_spectrum.elf.dir/__/chibios-portapack/os/hal/platforms/LPC43xx/pal_lld.c.obj
[ 38%] Building C object firmware/baseband/CMakeFiles/baseband_wfm_audio.elf.dir/__/chibios/os/hal/src/icu.c.obj
[ 39%] Building C object firmware/baseband/CMakeFiles/baseband_wideband_spectrum.elf.dir/__/chibios-portapack/os/hal/platforms/LPC43xx/rtc_lld.c.obj
[ 39%] Building C object firmware/baseband/CMakeFiles/baseband_wfm_audio.elf.dir/__/chibios/os/hal/src/mac.c.obj
[ 39%] Building C object firmware/baseband/CMakeFiles/baseband_wideband_spectrum.elf.dir/__/chibios-portapack/os/hal/platforms/LPC43xx/sdc_lld.c.obj
[ 39%] Building C object firmware/baseband/CMakeFiles/baseband_wideband_spectrum.elf.dir/__/chibios-portapack/os/hal/platforms/LPC43xx/serial_lld.c.obj
[ 39%] Building C object firmware/baseband/CMakeFiles/baseband_wfm_audio.elf.dir/__/chibios/os/hal/src/mmc_spi.c.obj
[ 39%] Building C object firmware/baseband/CMakeFiles/baseband_wideband_spectrum.elf.dir/__/chibios-portapack/os/hal/platforms/LPC43xx/spi_lld.c.obj
[ 39%] Building C object firmware/baseband/CMakeFiles/baseband_wfm_audio.elf.dir/__/chibios/os/hal/src/mmcsd.c.obj
[ 39%] Building C object firmware/baseband/CMakeFiles/baseband_wideband_spectrum.elf.dir/__/chibios-portapack/os/hal/platforms/LPC43xx/lpc43xx.c.obj
[ 39%] Building C object firmware/baseband/CMakeFiles/baseband_wfm_audio.elf.dir/__/chibios/os/hal/src/pal.c.obj
[ 39%] Building C object firmware/baseband/CMakeFiles/baseband_wfm_audio.elf.dir/__/chibios/os/hal/src/pwm.c.obj
[ 39%] Linking CXX executable baseband_wideband_spectrum.elf
[ 39%] Building C object firmware/baseband/CMakeFiles/baseband_wfm_audio.elf.dir/__/chibios/os/hal/src/rtc.c.obj
Memory region         Used Size  Region Size  %age Used
           flash:       12576 B      32752 B     38.40%
             ram:       11380 B        96 KB     11.58%
         ram_usb:           0 B        32 KB      0.00%
[ 39%] Built target baseband_wideband_spectrum.elf
[ 39%] Building C object firmware/baseband/CMakeFiles/baseband_wfm_audio.elf.dir/__/chibios/os/hal/src/sdc.c.obj
[ 39%] Building C object firmware/baseband/CMakeFiles/baseband_wfm_audio.elf.dir/__/chibios/os/hal/src/serial.c.obj
[ 39%] Building C object firmware/baseband/CMakeFiles/baseband_subghzd.elf.dir/__/chibios/os/hal/src/hal.c.obj
[ 39%] Building C object firmware/baseband/CMakeFiles/baseband_wfm_audio.elf.dir/__/chibios/os/hal/src/serial_usb.c.obj
[ 39%] Building CXX object firmware/application/CMakeFiles/application.elf.dir/core_control.cpp.obj
[ 39%] Building C object firmware/baseband/CMakeFiles/baseband_wfm_audio.elf.dir/__/chibios/os/hal/src/spi.c.obj
[ 39%] Building C object firmware/baseband/CMakeFiles/baseband_wfm_audio.elf.dir/__/chibios/os/hal/src/tm.c.obj
[ 39%] Building C object firmware/baseband/CMakeFiles/baseband_wfm_audio.elf.dir/__/chibios/os/hal/src/uart.c.obj
[ 39%] Building CXX object firmware/baseband/CMakeFiles/baseband_weather.elf.dir/proc_weather.cpp.obj
[ 39%] Building C object firmware/baseband/CMakeFiles/baseband_wfm_audio.elf.dir/__/chibios/os/hal/src/usb.c.obj
[ 39%] Building C object firmware/baseband/CMakeFiles/baseband_wfm_audio.elf.dir/__/chibios-portapack/os/hal/platforms/LPC43xx_M4/hal_lld.c.obj
[ 39%] Building C object firmware/baseband/CMakeFiles/baseband_wfm_audio.elf.dir/__/chibios-portapack/os/hal/platforms/LPC43xx/gpt_lld.c.obj
[ 39%] Building C object firmware/baseband/CMakeFiles/baseband_wfm_audio.elf.dir/__/chibios-portapack/os/hal/platforms/LPC43xx/i2c_lld.c.obj
[ 39%] Building C object firmware/baseband/CMakeFiles/baseband_wfm_audio.elf.dir/__/chibios-portapack/os/hal/platforms/LPC43xx/pal_lld.c.obj
[ 39%] Building C object firmware/baseband/CMakeFiles/baseband_wfm_audio.elf.dir/__/chibios-portapack/os/hal/platforms/LPC43xx/rtc_lld.c.obj
[ 39%] Building C object firmware/baseband/CMakeFiles/baseband_wfm_audio.elf.dir/__/chibios-portapack/os/hal/platforms/LPC43xx/sdc_lld.c.obj
[ 39%] Building C object firmware/baseband/CMakeFiles/baseband_wfm_audio.elf.dir/__/chibios-portapack/os/hal/platforms/LPC43xx/serial_lld.c.obj
[ 40%] Building C object firmware/baseband/CMakeFiles/baseband_wfm_audio.elf.dir/__/chibios-portapack/os/hal/platforms/LPC43xx/spi_lld.c.obj
[ 40%] Building C object firmware/baseband/CMakeFiles/baseband_wfm_audio.elf.dir/__/chibios-portapack/os/hal/platforms/LPC43xx/lpc43xx.c.obj
[ 40%] Linking CXX executable baseband_wfm_audio.elf
Memory region         Used Size  Region Size  %age Used
           flash:       18984 B      32752 B     57.96%
             ram:       11356 B        96 KB     11.55%
         ram_usb:           0 B        32 KB      0.00%
[ 40%] Built target baseband_wfm_audio.elf
[ 40%] Building C object firmware/baseband/CMakeFiles/baseband_subghzd.elf.dir/__/chibios/os/hal/src/adc.c.obj
[ 40%] Building CXX object firmware/application/CMakeFiles/application.elf.dir/database.cpp.obj
[ 40%] Building C object firmware/baseband/CMakeFiles/baseband_weather.elf.dir/__/chibios/os/hal/src/hal.c.obj
[ 40%] Building C object firmware/baseband/CMakeFiles/baseband_subghzd.elf.dir/__/chibios/os/hal/src/can.c.obj
[ 40%] Building CXX object firmware/baseband/CMakeFiles/baseband_flash_utility.elf.dir/proc_flash_utility.cpp.obj
[ 40%] Building C object firmware/baseband/CMakeFiles/baseband_subghzd.elf.dir/__/chibios/os/hal/src/ext.c.obj
[ 40%] Building C object firmware/baseband/CMakeFiles/baseband_subghzd.elf.dir/__/chibios/os/hal/src/gpt.c.obj
[ 40%] Building C object firmware/baseband/CMakeFiles/baseband_subghzd.elf.dir/__/chibios/os/hal/src/i2c.c.obj
[ 41%] Building C object firmware/baseband/CMakeFiles/baseband_subghzd.elf.dir/__/chibios/os/hal/src/icu.c.obj
[ 41%] Building C object firmware/baseband/CMakeFiles/baseband_subghzd.elf.dir/__/chibios/os/hal/src/mac.c.obj
[ 41%] Building C object firmware/baseband/CMakeFiles/baseband_subghzd.elf.dir/__/chibios/os/hal/src/mmc_spi.c.obj
[ 41%] Building C object firmware/baseband/CMakeFiles/baseband_subghzd.elf.dir/__/chibios/os/hal/src/mmcsd.c.obj
[ 41%] Building C object firmware/baseband/CMakeFiles/baseband_subghzd.elf.dir/__/chibios/os/hal/src/pal.c.obj
[ 41%] Building CXX object firmware/application/CMakeFiles/application.elf.dir/gradient.cpp.obj
[ 41%] Building C object firmware/baseband/CMakeFiles/baseband_subghzd.elf.dir/__/chibios/os/hal/src/pwm.c.obj
[ 41%] Building C object firmware/baseband/CMakeFiles/baseband_subghzd.elf.dir/__/chibios/os/hal/src/rtc.c.obj
[ 41%] Building C object firmware/baseband/CMakeFiles/baseband_subghzd.elf.dir/__/chibios/os/hal/src/sdc.c.obj
[ 41%] Building C object firmware/baseband/CMakeFiles/baseband_subghzd.elf.dir/__/chibios/os/hal/src/serial.c.obj
[ 41%] Building C object firmware/baseband/CMakeFiles/baseband_subghzd.elf.dir/__/chibios/os/hal/src/serial_usb.c.obj
[ 41%] Building C object firmware/baseband/CMakeFiles/baseband_subghzd.elf.dir/__/chibios/os/hal/src/spi.c.obj
[ 41%] Building C object firmware/baseband/CMakeFiles/baseband_subghzd.elf.dir/__/chibios/os/hal/src/tm.c.obj
[ 41%] Building C object firmware/baseband/CMakeFiles/baseband_subghzd.elf.dir/__/chibios/os/hal/src/uart.c.obj
[ 41%] Building C object firmware/baseband/CMakeFiles/baseband_subghzd.elf.dir/__/chibios/os/hal/src/usb.c.obj
[ 41%] Building C object firmware/baseband/CMakeFiles/baseband_subghzd.elf.dir/__/chibios-portapack/os/hal/platforms/LPC43xx_M4/hal_lld.c.obj
[ 41%] Building C object firmware/baseband/CMakeFiles/baseband_subghzd.elf.dir/__/chibios-portapack/os/hal/platforms/LPC43xx/gpt_lld.c.obj
[ 41%] Building C object firmware/baseband/CMakeFiles/baseband_subghzd.elf.dir/__/chibios-portapack/os/hal/platforms/LPC43xx/i2c_lld.c.obj
[ 41%] Building CXX object firmware/baseband/CMakeFiles/baseband_flash_utility.elf.dir/w25q80bv.cpp.obj
[ 41%] Building C object firmware/baseband/CMakeFiles/baseband_subghzd.elf.dir/__/chibios-portapack/os/hal/platforms/LPC43xx/pal_lld.c.obj
[ 41%] Building C object firmware/baseband/CMakeFiles/baseband_subghzd.elf.dir/__/chibios-portapack/os/hal/platforms/LPC43xx/rtc_lld.c.obj
[ 41%] Building C object firmware/baseband/CMakeFiles/baseband_flash_utility.elf.dir/__/chibios-portapack/os/various/fatfs_bindings/fatfs_diskio.c.obj
[ 41%] Building C object firmware/baseband/CMakeFiles/baseband_subghzd.elf.dir/__/chibios-portapack/os/hal/platforms/LPC43xx/sdc_lld.c.obj
[ 41%] Building CXX object firmware/application/CMakeFiles/application.elf.dir/event_m0.cpp.obj
[ 41%] Building C object firmware/baseband/CMakeFiles/baseband_subghzd.elf.dir/__/chibios-portapack/os/hal/platforms/LPC43xx/serial_lld.c.obj
[ 41%] Building C object firmware/baseband/CMakeFiles/baseband_flash_utility.elf.dir/__/chibios-portapack/os/various/fatfs_bindings/fatfs_syscall.c.obj
[ 41%] Building C object firmware/baseband/CMakeFiles/baseband_subghzd.elf.dir/__/chibios-portapack/os/hal/platforms/LPC43xx/spi_lld.c.obj
[ 41%] Building C object firmware/baseband/CMakeFiles/baseband_flash_utility.elf.dir/__/chibios-portapack/ext/fatfs/src/ff.c.obj
[ 41%] Building C object firmware/baseband/CMakeFiles/baseband_subghzd.elf.dir/__/chibios-portapack/os/hal/platforms/LPC43xx/lpc43xx.c.obj
[ 41%] Linking CXX executable baseband_subghzd.elf
/usr/lib/gcc/arm-none-eabi/13.2.1/../../../arm-none-eabi/bin/ld: /usr/lib/gcc/arm-none-eabi/13.2.1/../../../arm-none-eabi/lib/thumb/v7e-m+fp/hard/libg_nano.a(libc_a-sbrkr.o): in function `_sbrk_r':
/build/newlib-38V0JC/newlib-4.4.0.20231231/build_nano/arm-none-eabi/thumb/v7e-m+fp/hard/newlib/../../../../../../newlib/libc/reent/sbrkr.c:51:(.text+0xc): undefined reference to `_sbrk'
Memory region         Used Size  Region Size  %age Used
           flash:       29648 B      32752 B     90.52%
             ram:       10864 B        96 KB     11.05%
         ram_usb:           0 B        32 KB      0.00%
collect2: error: ld returned 1 exit status
make[3]: *** [firmware/baseband/CMakeFiles/baseband_subghzd.elf.dir/build.make:726: firmware/baseband/baseband_subghzd.elf] Error 1
make[2]: *** [CMakeFiles/Makefile2:1531: firmware/baseband/CMakeFiles/baseband_subghzd.elf.dir/all] Error 2
make[2]: *** Waiting for unfinished jobs....
[ 41%] Building C object firmware/baseband/CMakeFiles/baseband_weather.elf.dir/__/chibios/os/hal/src/adc.c.obj
[ 41%] Building C object firmware/baseband/CMakeFiles/baseband_flash_utility.elf.dir/__/chibios-portapack/ext/fatfs/src/option/unicode.c.obj
[ 41%] Building CXX object firmware/application/CMakeFiles/application.elf.dir/file_reader.cpp.obj
[ 41%] Building C object firmware/baseband/CMakeFiles/baseband_weather.elf.dir/__/chibios/os/hal/src/can.c.obj
[ 41%] Building C object firmware/baseband/CMakeFiles/baseband_flash_utility.elf.dir/__/chibios/os/hal/src/hal.c.obj
[ 41%] Building C object firmware/baseband/CMakeFiles/baseband_weather.elf.dir/__/chibios/os/hal/src/ext.c.obj
[ 41%] Building C object firmware/baseband/CMakeFiles/baseband_weather.elf.dir/__/chibios/os/hal/src/gpt.c.obj
[ 41%] Building CXX object firmware/application/CMakeFiles/application.elf.dir/file.cpp.obj
[ 42%] Building C object firmware/baseband/CMakeFiles/baseband_weather.elf.dir/__/chibios/os/hal/src/i2c.c.obj
[ 42%] Building C object firmware/baseband/CMakeFiles/baseband_flash_utility.elf.dir/__/chibios/os/hal/src/adc.c.obj
[ 42%] Building C object firmware/baseband/CMakeFiles/baseband_weather.elf.dir/__/chibios/os/hal/src/icu.c.obj
[ 42%] Building C object firmware/baseband/CMakeFiles/baseband_flash_utility.elf.dir/__/chibios/os/hal/src/can.c.obj
[ 42%] Building C object firmware/baseband/CMakeFiles/baseband_weather.elf.dir/__/chibios/os/hal/src/mac.c.obj
[ 42%] Building C object firmware/baseband/CMakeFiles/baseband_flash_utility.elf.dir/__/chibios/os/hal/src/ext.c.obj
[ 42%] Building C object firmware/baseband/CMakeFiles/baseband_weather.elf.dir/__/chibios/os/hal/src/mmc_spi.c.obj
[ 42%] Building C object firmware/baseband/CMakeFiles/baseband_flash_utility.elf.dir/__/chibios/os/hal/src/gpt.c.obj
[ 42%] Building C object firmware/baseband/CMakeFiles/baseband_flash_utility.elf.dir/__/chibios/os/hal/src/i2c.c.obj
[ 42%] Building C object firmware/baseband/CMakeFiles/baseband_weather.elf.dir/__/chibios/os/hal/src/mmcsd.c.obj
[ 43%] Building C object firmware/baseband/CMakeFiles/baseband_flash_utility.elf.dir/__/chibios/os/hal/src/icu.c.obj
[ 43%] Building C object firmware/baseband/CMakeFiles/baseband_weather.elf.dir/__/chibios/os/hal/src/pal.c.obj
[ 43%] Building C object firmware/baseband/CMakeFiles/baseband_flash_utility.elf.dir/__/chibios/os/hal/src/mac.c.obj
[ 43%] Building C object firmware/baseband/CMakeFiles/baseband_weather.elf.dir/__/chibios/os/hal/src/pwm.c.obj
[ 43%] Building C object firmware/baseband/CMakeFiles/baseband_flash_utility.elf.dir/__/chibios/os/hal/src/mmc_spi.c.obj
[ 43%] Building C object firmware/baseband/CMakeFiles/baseband_weather.elf.dir/__/chibios/os/hal/src/rtc.c.obj
[ 43%] Building C object firmware/baseband/CMakeFiles/baseband_weather.elf.dir/__/chibios/os/hal/src/sdc.c.obj
[ 43%] Building C object firmware/baseband/CMakeFiles/baseband_flash_utility.elf.dir/__/chibios/os/hal/src/mmcsd.c.obj
[ 43%] Building C object firmware/baseband/CMakeFiles/baseband_weather.elf.dir/__/chibios/os/hal/src/serial.c.obj
[ 43%] Building C object firmware/baseband/CMakeFiles/baseband_flash_utility.elf.dir/__/chibios/os/hal/src/pal.c.obj
[ 43%] Building C object firmware/baseband/CMakeFiles/baseband_weather.elf.dir/__/chibios/os/hal/src/serial_usb.c.obj
[ 43%] Building C object firmware/baseband/CMakeFiles/baseband_flash_utility.elf.dir/__/chibios/os/hal/src/pwm.c.obj
[ 43%] Building C object firmware/baseband/CMakeFiles/baseband_weather.elf.dir/__/chibios/os/hal/src/spi.c.obj
[ 43%] Building C object firmware/baseband/CMakeFiles/baseband_flash_utility.elf.dir/__/chibios/os/hal/src/rtc.c.obj
[ 43%] Building C object firmware/baseband/CMakeFiles/baseband_weather.elf.dir/__/chibios/os/hal/src/tm.c.obj
[ 43%] Building C object firmware/baseband/CMakeFiles/baseband_flash_utility.elf.dir/__/chibios/os/hal/src/sdc.c.obj
[ 43%] Building C object firmware/baseband/CMakeFiles/baseband_weather.elf.dir/__/chibios/os/hal/src/uart.c.obj
[ 43%] Building CXX object firmware/application/CMakeFiles/application.elf.dir/file_path.cpp.obj
[ 43%] Building C object firmware/baseband/CMakeFiles/baseband_weather.elf.dir/__/chibios/os/hal/src/usb.c.obj
[ 43%] Building C object firmware/baseband/CMakeFiles/baseband_weather.elf.dir/__/chibios-portapack/os/hal/platforms/LPC43xx_M4/hal_lld.c.obj
[ 43%] Building C object firmware/baseband/CMakeFiles/baseband_flash_utility.elf.dir/__/chibios/os/hal/src/serial.c.obj
[ 43%] Building C object firmware/baseband/CMakeFiles/baseband_weather.elf.dir/__/chibios-portapack/os/hal/platforms/LPC43xx/gpt_lld.c.obj
[ 43%] Building C object firmware/baseband/CMakeFiles/baseband_flash_utility.elf.dir/__/chibios/os/hal/src/serial_usb.c.obj
[ 43%] Building C object firmware/baseband/CMakeFiles/baseband_weather.elf.dir/__/chibios-portapack/os/hal/platforms/LPC43xx/i2c_lld.c.obj
[ 43%] Building C object firmware/baseband/CMakeFiles/baseband_flash_utility.elf.dir/__/chibios/os/hal/src/spi.c.obj
[ 43%] Building C object firmware/baseband/CMakeFiles/baseband_weather.elf.dir/__/chibios-portapack/os/hal/platforms/LPC43xx/pal_lld.c.obj
[ 43%] Building C object firmware/baseband/CMakeFiles/baseband_flash_utility.elf.dir/__/chibios/os/hal/src/tm.c.obj
[ 43%] Building C object firmware/baseband/CMakeFiles/baseband_weather.elf.dir/__/chibios-portapack/os/hal/platforms/LPC43xx/rtc_lld.c.obj
[ 43%] Building C object firmware/baseband/CMakeFiles/baseband_flash_utility.elf.dir/__/chibios/os/hal/src/uart.c.obj
[ 43%] Building C object firmware/baseband/CMakeFiles/baseband_weather.elf.dir/__/chibios-portapack/os/hal/platforms/LPC43xx/sdc_lld.c.obj
[ 43%] Building C object firmware/baseband/CMakeFiles/baseband_flash_utility.elf.dir/__/chibios/os/hal/src/usb.c.obj
[ 43%] Building C object firmware/baseband/CMakeFiles/baseband_weather.elf.dir/__/chibios-portapack/os/hal/platforms/LPC43xx/serial_lld.c.obj
[ 43%] Building C object firmware/baseband/CMakeFiles/baseband_flash_utility.elf.dir/__/chibios-portapack/os/hal/platforms/LPC43xx_M4/hal_lld.c.obj
[ 43%] Building C object firmware/baseband/CMakeFiles/baseband_weather.elf.dir/__/chibios-portapack/os/hal/platforms/LPC43xx/spi_lld.c.obj
[ 43%] Building C object firmware/baseband/CMakeFiles/baseband_flash_utility.elf.dir/__/chibios-portapack/os/hal/platforms/LPC43xx/gpt_lld.c.obj
[ 43%] Building C object firmware/baseband/CMakeFiles/baseband_weather.elf.dir/__/chibios-portapack/os/hal/platforms/LPC43xx/lpc43xx.c.obj
[ 43%] Building C object firmware/baseband/CMakeFiles/baseband_flash_utility.elf.dir/__/chibios-portapack/os/hal/platforms/LPC43xx/i2c_lld.c.obj
[ 43%] Building C object firmware/baseband/CMakeFiles/baseband_flash_utility.elf.dir/__/chibios-portapack/os/hal/platforms/LPC43xx/pal_lld.c.obj
[ 43%] Building C object firmware/baseband/CMakeFiles/baseband_flash_utility.elf.dir/__/chibios-portapack/os/hal/platforms/LPC43xx/rtc_lld.c.obj
[ 43%] Linking CXX executable baseband_weather.elf
[ 43%] Building C object firmware/baseband/CMakeFiles/baseband_flash_utility.elf.dir/__/chibios-portapack/os/hal/platforms/LPC43xx/sdc_lld.c.obj
[ 43%] Building C object firmware/baseband/CMakeFiles/baseband_flash_utility.elf.dir/__/chibios-portapack/os/hal/platforms/LPC43xx/serial_lld.c.obj
/usr/lib/gcc/arm-none-eabi/13.2.1/../../../arm-none-eabi/bin/ld: /usr/lib/gcc/arm-none-eabi/13.2.1/../../../arm-none-eabi/lib/thumb/v7e-m+fp/hard/libg_nano.a(libc_a-sbrkr.o): in function `_sbrk_r':
/build/newlib-38V0JC/newlib-4.4.0.20231231/build_nano/arm-none-eabi/thumb/v7e-m+fp/hard/newlib/../../../../../../newlib/libc/reent/sbrkr.c:51:(.text+0xc): undefined reference to `_sbrk'
Memory region         Used Size  Region Size  %age Used
           flash:       31016 B      32752 B     94.70%
             ram:       11476 B        96 KB     11.67%
         ram_usb:           0 B        32 KB      0.00%
[ 43%] Building CXX object firmware/application/CMakeFiles/application.elf.dir/freqman_db.cpp.obj
collect2: error: ld returned 1 exit status
make[3]: *** [firmware/baseband/CMakeFiles/baseband_weather.elf.dir/build.make:726: firmware/baseband/baseband_weather.elf] Error 1
make[2]: *** [CMakeFiles/Makefile2:1557: firmware/baseband/CMakeFiles/baseband_weather.elf.dir/all] Error 2
[ 43%] Building CXX object firmware/application/CMakeFiles/application.elf.dir/freqman.cpp.obj
[ 43%] Building C object firmware/baseband/CMakeFiles/baseband_flash_utility.elf.dir/__/chibios-portapack/os/hal/platforms/LPC43xx/spi_lld.c.obj
[ 43%] Building CXX object firmware/application/CMakeFiles/application.elf.dir/io_convert.cpp.obj
[ 43%] Building C object firmware/baseband/CMakeFiles/baseband_flash_utility.elf.dir/__/chibios-portapack/os/hal/platforms/LPC43xx/lpc43xx.c.obj
[ 43%] Linking CXX executable baseband_flash_utility.elf
Memory region         Used Size  Region Size  %age Used
           flash:       23248 B      32752 B     70.98%
             ram:        6416 B        96 KB      6.53%
         ram_usb:           0 B        32 KB      0.00%
[ 43%] Built target baseband_flash_utility.elf
[ 43%] Building CXX object firmware/application/CMakeFiles/application.elf.dir/io_file.cpp.obj
[ 43%] Building CXX object firmware/application/CMakeFiles/application.elf.dir/io_wave.cpp.obj
[ 43%] Building CXX object firmware/application/CMakeFiles/application.elf.dir/iq_trim.cpp.obj
[ 43%] Building CXX object firmware/application/CMakeFiles/application.elf.dir/irq_controls.cpp.obj
[ 44%] Building CXX object firmware/application/CMakeFiles/application.elf.dir/irq_lcd_frame.cpp.obj
[ 44%] Building CXX object firmware/application/CMakeFiles/application.elf.dir/irq_rtc.cpp.obj
[ 44%] Building CXX object firmware/application/CMakeFiles/application.elf.dir/keeloq_common.cpp.obj
[ 44%] Building CXX object firmware/application/CMakeFiles/application.elf.dir/keeloq_file.cpp.obj
[ 44%] Building CXX object firmware/application/CMakeFiles/application.elf.dir/keeloq_keystore.cpp.obj
[ 44%] Building CXX object firmware/application/CMakeFiles/application.elf.dir/log_file.cpp.obj
[ 44%] Building CXX object firmware/application/CMakeFiles/application.elf.dir/metadata_file.cpp.obj
[ 44%] Building CXX object firmware/application/CMakeFiles/application.elf.dir/flipper_subfile.cpp.obj
[ 44%] Building CXX object firmware/application/CMakeFiles/application.elf.dir/portapack.cpp.obj
[ 44%] Building CXX object firmware/application/CMakeFiles/application.elf.dir/usb_serial_shell.cpp.obj
[ 44%] Building CXX object firmware/application/CMakeFiles/application.elf.dir/usb_serial_shell_filesystem.cpp.obj
[ 44%] Building CXX object firmware/application/CMakeFiles/application.elf.dir/usb_serial_event.cpp.obj
[ 44%] Building CXX object firmware/application/CMakeFiles/application.elf.dir/usb_serial_thread.cpp.obj
[ 44%] Building CXX object firmware/application/CMakeFiles/application.elf.dir/usb_serial.cpp.obj
[ 44%] Building CXX object firmware/application/CMakeFiles/application.elf.dir/usb_serial_host_to_device.cpp.obj
[ 44%] Building CXX object firmware/application/CMakeFiles/application.elf.dir/usb_serial_asyncmsg.cpp.obj
[ 44%] Building CXX object firmware/application/CMakeFiles/application.elf.dir/qrcodegen.cpp.obj
[ 44%] Building CXX object firmware/application/CMakeFiles/application.elf.dir/radio.cpp.obj
[ 44%] Building CXX object firmware/application/CMakeFiles/application.elf.dir/receiver_model.cpp.obj
[ 44%] Building CXX object firmware/application/CMakeFiles/application.elf.dir/recent_entries.cpp.obj
[ 44%] Building CXX object firmware/application/CMakeFiles/application.elf.dir/replay_thread.cpp.obj
[ 44%] Building CXX object firmware/application/CMakeFiles/application.elf.dir/rf_path.cpp.obj
[ 44%] Building CXX object firmware/application/CMakeFiles/application.elf.dir/rtc_time.cpp.obj
[ 44%] Building CXX object firmware/application/CMakeFiles/application.elf.dir/sd_card.cpp.obj
[ 44%] Building CXX object firmware/application/CMakeFiles/application.elf.dir/serializer.cpp.obj
[ 44%] Building CXX object firmware/application/CMakeFiles/application.elf.dir/spectrum_color_lut.cpp.obj
[ 44%] Building CXX object firmware/application/CMakeFiles/application.elf.dir/string_format.cpp.obj
[ 44%] Building CXX object firmware/application/CMakeFiles/application.elf.dir/theme.cpp.obj
[ 45%] Building CXX object firmware/application/CMakeFiles/application.elf.dir/touch.cpp.obj
[ 45%] Building CXX object firmware/application/CMakeFiles/application.elf.dir/tone_key.cpp.obj
[ 45%] Building CXX object firmware/application/CMakeFiles/application.elf.dir/transmitter_model.cpp.obj
[ 45%] Building CXX object firmware/application/CMakeFiles/application.elf.dir/tuning.cpp.obj
[ 45%] Building CXX object firmware/application/CMakeFiles/application.elf.dir/hw/debounce.cpp.obj
[ 45%] Building CXX object firmware/application/CMakeFiles/application.elf.dir/hw/encoder.cpp.obj
[ 45%] Building CXX object firmware/application/CMakeFiles/application.elf.dir/hw/max2837.cpp.obj
[ 45%] Building CXX object firmware/application/CMakeFiles/application.elf.dir/hw/max2839.cpp.obj
[ 45%] Building CXX object firmware/application/CMakeFiles/application.elf.dir/hw/max2831.cpp.obj
[ 45%] Building CXX object firmware/application/CMakeFiles/application.elf.dir/hw/max5864.cpp.obj
[ 45%] Building CXX object firmware/application/CMakeFiles/application.elf.dir/hw/rffc507x.cpp.obj
[ 45%] Building CXX object firmware/application/CMakeFiles/application.elf.dir/hw/rffc507x_spi.cpp.obj
[ 45%] Building CXX object firmware/application/CMakeFiles/application.elf.dir/hw/si5351.cpp.obj
[ 45%] Building CXX object firmware/application/CMakeFiles/application.elf.dir/hw/spi_pp.cpp.obj
[ 45%] Building CXX object firmware/application/CMakeFiles/application.elf.dir/hw/touch_adc.cpp.obj
[ 45%] Building CXX object firmware/application/CMakeFiles/application.elf.dir/ook_file.cpp.obj
[ 45%] Building CXX object firmware/application/CMakeFiles/application.elf.dir/ui_baseband_stats_view.cpp.obj
[ 45%] Building CXX object firmware/application/CMakeFiles/application.elf.dir/ui_navigation.cpp.obj
[ 45%] Building CXX object firmware/application/CMakeFiles/application.elf.dir/ui_notifications.cpp.obj
[ 45%] Building CXX object firmware/application/CMakeFiles/application.elf.dir/ui_record_view.cpp.obj
[ 45%] Building CXX object firmware/application/CMakeFiles/application.elf.dir/ui_sd_card_status_view.cpp.obj
[ 45%] Building CXX object firmware/application/CMakeFiles/application.elf.dir/ui/ui_alphanum.cpp.obj
[ 45%] Building CXX object firmware/application/CMakeFiles/application.elf.dir/ui/ui_audio.cpp.obj
[ 45%] Building CXX object firmware/application/CMakeFiles/application.elf.dir/ui/ui_channel.cpp.obj
[ 45%] Building CXX object firmware/application/CMakeFiles/application.elf.dir/ui/ui_font_fixed_5x8.cpp.obj
[ 45%] Building CXX object firmware/application/CMakeFiles/application.elf.dir/ui/ui_font_fixed_8x16.cpp.obj
[ 45%] Building CXX object firmware/application/CMakeFiles/application.elf.dir/ui/ui_geomap.cpp.obj
[ 45%] Building CXX object firmware/application/CMakeFiles/application.elf.dir/ui/ui_qrcode.cpp.obj
[ 45%] Building CXX object firmware/application/CMakeFiles/application.elf.dir/ui/ui_menu.cpp.obj
[ 46%] Building CXX object firmware/application/CMakeFiles/application.elf.dir/ui/ui_btngrid.cpp.obj
[ 46%] Building CXX object firmware/application/CMakeFiles/application.elf.dir/ui/ui_receiver.cpp.obj
[ 46%] Building CXX object firmware/application/CMakeFiles/application.elf.dir/ui/ui_rssi.cpp.obj
[ 46%] Building CXX object firmware/application/CMakeFiles/application.elf.dir/ui/ui_freqlist.cpp.obj
[ 46%] Building CXX object firmware/application/CMakeFiles/application.elf.dir/ui/ui_spectrum.cpp.obj
[ 46%] Building CXX object firmware/application/CMakeFiles/application.elf.dir/ui/ui_tabview.cpp.obj
[ 46%] Building CXX object firmware/application/CMakeFiles/application.elf.dir/ui/ui_textentry.cpp.obj
[ 46%] Building CXX object firmware/application/CMakeFiles/application.elf.dir/ui/ui_tone_key.cpp.obj
[ 46%] Building CXX object firmware/application/CMakeFiles/application.elf.dir/ui/ui_transmitter.cpp.obj
[ 46%] Building CXX object firmware/application/CMakeFiles/application.elf.dir/ui/ui_bmpview.cpp.obj
[ 46%] Building CXX object firmware/application/CMakeFiles/application.elf.dir/apps/ais_app.cpp.obj
[ 46%] Building CXX object firmware/application/CMakeFiles/application.elf.dir/apps/analog_audio_app.cpp.obj
[ 46%] Building CXX object firmware/application/CMakeFiles/application.elf.dir/apps/ble_rx_app.cpp.obj
[ 46%] Building CXX object firmware/application/CMakeFiles/application.elf.dir/apps/ble_tx_app.cpp.obj
[ 46%] Building CXX object firmware/application/CMakeFiles/application.elf.dir/apps/capture_app.cpp.obj
[ 46%] Building CXX object firmware/application/CMakeFiles/application.elf.dir/apps/pocsag_app.cpp.obj
[ 46%] Building CXX object firmware/application/CMakeFiles/application.elf.dir/apps/ui_about_simple.cpp.obj
[ 46%] Building CXX object firmware/application/CMakeFiles/application.elf.dir/apps/ui_adsb_rx.cpp.obj
[ 46%] Building CXX object firmware/application/CMakeFiles/application.elf.dir/apps/ui_aprs_rx.cpp.obj
[ 46%] Building CXX object firmware/application/CMakeFiles/application.elf.dir/apps/ui_aprs_tx.cpp.obj
[ 46%] Building CXX object firmware/application/CMakeFiles/application.elf.dir/apps/ui_battinfo.cpp.obj
[ 46%] Building CXX object firmware/application/CMakeFiles/application.elf.dir/apps/ui_bmp_file_viewer.cpp.obj
[ 46%] Building CXX object firmware/application/CMakeFiles/application.elf.dir/apps/ui_btle_rx.cpp.obj
[ 46%] Building CXX object firmware/application/CMakeFiles/application.elf.dir/apps/ui_debug.cpp.obj
[ 46%] Building CXX object firmware/application/CMakeFiles/application.elf.dir/apps/ui_debug_max17055.cpp.obj
[ 46%] Building CXX object firmware/application/CMakeFiles/application.elf.dir/apps/ui_dfu_menu.cpp.obj
[ 46%] Building CXX object firmware/application/CMakeFiles/application.elf.dir/apps/ui_encoders.cpp.obj
[ 46%] Building CXX object firmware/application/CMakeFiles/application.elf.dir/apps/ui_external_module_view.cpp.obj
[ 47%] Building CXX object firmware/application/CMakeFiles/application.elf.dir/apps/ui_fileman.cpp.obj
[ 47%] Building CXX object firmware/application/CMakeFiles/application.elf.dir/apps/ui_flash_utility.cpp.obj
[ 47%] Building CXX object firmware/application/CMakeFiles/application.elf.dir/apps/ui_freqman.cpp.obj
[ 47%] Building CXX object firmware/application/CMakeFiles/application.elf.dir/apps/ui_iq_trim.cpp.obj
[ 47%] Building CXX object firmware/application/CMakeFiles/application.elf.dir/apps/ui_looking_glass_app.cpp.obj
[ 47%] Building CXX object firmware/application/CMakeFiles/application.elf.dir/apps/ui_mictx.cpp.obj
[ 47%] Building CXX object firmware/application/CMakeFiles/application.elf.dir/apps/ui_modemsetup.cpp.obj
[ 47%] Building CXX object firmware/application/CMakeFiles/application.elf.dir/apps/ui_playlist.cpp.obj
[ 47%] Building CXX object firmware/application/CMakeFiles/application.elf.dir/apps/ui_rds.cpp.obj
[ 47%] Building CXX object firmware/application/CMakeFiles/application.elf.dir/apps/ui_recon_settings.cpp.obj
[ 47%] Building CXX object firmware/application/CMakeFiles/application.elf.dir/apps/ui_recon.cpp.obj
[ 47%] Building CXX object firmware/application/CMakeFiles/application.elf.dir/apps/ui_search.cpp.obj
[ 47%] Building CXX object firmware/application/CMakeFiles/application.elf.dir/apps/ui_settings.cpp.obj
[ 47%] Building CXX object firmware/application/CMakeFiles/application.elf.dir/apps/ui_sonde.cpp.obj
[ 47%] Building CXX object firmware/application/CMakeFiles/application.elf.dir/apps/ui_ss_viewer.cpp.obj
[ 47%] Building CXX object firmware/application/CMakeFiles/application.elf.dir/apps/ui_standalone_view.cpp.obj
[ 47%] Building CXX object firmware/application/CMakeFiles/application.elf.dir/apps/ui_subghzd.cpp.obj
[ 47%] Building CXX object firmware/application/CMakeFiles/application.elf.dir/apps/ui_text_editor.cpp.obj
[ 47%] Building CXX object firmware/application/CMakeFiles/application.elf.dir/apps/ui_touch_calibration.cpp.obj
[ 47%] Building CXX object firmware/application/CMakeFiles/application.elf.dir/apps/ui_touchtunes.cpp.obj
[ 47%] Building CXX object firmware/application/CMakeFiles/application.elf.dir/apps/ui_weatherstation.cpp.obj
[ 47%] Building CXX object firmware/application/CMakeFiles/application.elf.dir/protocols/aprs.cpp.obj
[ 47%] Building CXX object firmware/application/CMakeFiles/application.elf.dir/protocols/ax25.cpp.obj
[ 47%] Building CXX object firmware/application/CMakeFiles/application.elf.dir/protocols/dcs.cpp.obj
[ 47%] Building CXX object firmware/application/CMakeFiles/application.elf.dir/protocols/encoders.cpp.obj
[ 47%] Building CXX object firmware/application/CMakeFiles/application.elf.dir/protocols/modems.cpp.obj
[ 47%] Building CXX object firmware/application/CMakeFiles/application.elf.dir/protocols/rds.cpp.obj
[ 47%] Building CXX object firmware/application/CMakeFiles/application.elf.dir/ui_sd_card_debug.cpp.obj
[ 48%] Building CXX object firmware/application/CMakeFiles/application.elf.dir/config_mode.cpp.obj
[ 48%] Building CXX object firmware/application/CMakeFiles/application.elf.dir/portapack_cpld_20150901_data.cpp.obj
[ 48%] Building CXX object firmware/application/CMakeFiles/application.elf.dir/portapack_cpld_20170522_data.cpp.obj
[ 48%] Building CXX object firmware/application/CMakeFiles/application.elf.dir/portapack_cpld_h4m_data.cpp.obj
[ 48%] Building CXX object firmware/application/CMakeFiles/application.elf.dir/hackrf_cpld_data.cpp.obj
[ 48%] Building CXX object firmware/application/CMakeFiles/application.elf.dir/ui_external_items_menu_loader.cpp.obj
[ 48%] Building CXX object firmware/application/CMakeFiles/application.elf.dir/view_factory_base.cpp.obj
[ 48%] Building CXX object firmware/application/CMakeFiles/application.elf.dir/external/mdk_predator/app/main.cpp.obj
[ 48%] Building CXX object firmware/application/CMakeFiles/application.elf.dir/external/mdk_predator/app/mdk_predator_app.cpp.obj
[ 48%] Building C object firmware/application/CMakeFiles/application.elf.dir/external/mdk_predator/src/mdk_predator.c.obj
[01m[K/home/user/WebHacking/build/mdk-predator/build/mayhem-firmware/firmware/application/external/mdk_predator/src/mdk_predator.c:19:10:[m[K [01;31m[Kfatal error: [m[Khal/hal.h: No such file or directory
   19 | #include [01;31m[K"hal/hal.h"[m[K
      |          [01;31m[K^~~~~~~~~~~[m[K
compilation terminated.
make[3]: *** [firmware/application/CMakeFiles/application.elf.dir/build.make:4086: firmware/application/CMakeFiles/application.elf.dir/external/mdk_predator/src/mdk_predator.c.obj] Error 1
make[3]: *** Waiting for unfinished jobs....
make[2]: *** [CMakeFiles/Makefile2:958: firmware/application/CMakeFiles/application.elf.dir/all] Error 2
make[1]: *** [CMakeFiles/Makefile2:992: firmware/application/CMakeFiles/application.dir/rule] Error 2
make: *** [Makefile:407: application] Error 2
